,日期,小时,星期,是否节假日,温度,体感温度,降雨,风速,台风,可见度
0,20230731,8,1,0,29.0,35.3,0.0,9.7,1,10.0
1,20230731,9,1,0,28.6,33.9,0.0,11.2,1,10.0
2,20230731,10,1,0,26.7,30.2,0.506,3.8,1,23.9
3,20230731,11,1,0,27.6,32.4,0.0,13.8,1,10.0
4,20230731,12,1,0,27.6,32.1,0.0,9.3,1,9.6
5,20230731,13,1,0,25.9,25.9,0.043,0.3,1,22.2
6,20230731,14,1,0,27.6,32.7,0.0,10.3,1,10.0
7,20230731,15,1,0,29.1,35.3,0.0,11.4,1,10.0
8,20230731,16,1,0,29.2,36.9,36.498,7.1,1,26.6
9,20230731,17,1,0,30.5,37.9,0.0,14.0,1,10.0
10,20230731,18,1,0,31.8,39.4,0.0,14.6,1,10.0
11,20230731,19,1,0,31.2,39.6,0.0,10.7,1,28.4
12,20230731,20,1,0,31.9,40.2,0.0,13.3,1,10.0
13,20230731,21,1,0,31.9,40.2,0.0,14.4,1,10.0
14,20230731,22,1,0,32.5,40.8,0.0,14.2,1,26.7
15,20230731,23,1,0,31.9,40.1,0.0,15.9,1,10.0
16,20230801,0,2,0,29.6,35.8,0.0,20.9,1,7.6
17,20230801,1,2,0,29.2,35.0,0.0,10.9,1,29.0
18,20230801,2,2,0,30.4,36.6,0.0,20.1,1,10.0
19,20230801,3,2,0,29.5,35.1,0.0,19.5,1,10.0
20,20230801,4,2,0,27.7,32.1,0.0,7.4,1,29.0
21,20230801,5,2,0,29.1,34.8,0.0,18.2,1,10.0
22,20230801,6,2,0,28.6,33.5,0.0,15.7,1,10.0
23,20230801,7,2,0,27.1,30.9,0.0,7.2,1,29.0
24,20230801,8,2,0,28.5,33.0,0.0,14.0,1,10.0
25,20230801,9,2,0,28.5,33.0,0.0,11.0,1,10.0
26,20230801,10,2,0,26.6,26.6,0.0,7.0,1,29.0
27,20230801,11,2,0,28.1,32.2,0.0,5.5,1,10.0
28,20230801,12,2,0,28.1,32.5,0.0,9.1,1,10.0
29,20230801,13,2,0,25.7,25.7,0.0,0.2,1,31.1
30,20230801,14,2,0,28.1,32.8,0.0,7.8,1,10.0
31,20230801,15,2,0,28.6,33.4,0.0,8.3,1,10.0
32,20230801,16,2,0,29.0,35.2,0.003,3.8,1,30.1
33,20230801,17,2,0,30.4,36.4,0.0,7.0,1,10.0
34,20230801,18,2,0,29.8,36.0,0.0,8.9,1,10.0
35,20230801,19,2,0,31.6,38.8,0.0,10.7,1,16.9
36,20230801,20,2,0,29.8,36.5,0.0,11.7,1,10.0
37,20230801,21,2,0,28.0,32.9,0.0,18.0,1,6.7
38,20230801,22,2,0,29.4,35.9,0.041,7.2,1,19.5
39,20230801,23,2,0,30.4,37.0,0.0,10.4,1,10.0
40,20230802,0,3,0,30.4,37.0,0.0,11.6,1,10.0
41,20230802,1,3,0,32.2,38.5,0.0,7.2,1,28.5
42,20230802,2,3,0,30.4,36.4,0.0,11.7,1,10.0
43,20230802,3,3,0,29.5,34.5,0.0,11.0,1,10.0
44,20230802,4,3,0,28.2,32.9,0.001,3.6,1,29.0
45,20230802,5,3,0,29.4,34.8,0.0,9.6,1,10.0
46,20230802,6,3,0,29.1,34.4,0.0,11.7,1,10.0
47,20230802,7,3,0,26.3,26.3,0.0,0.3,1,24.5
48,20230802,8,3,0,28.9,34.1,0.0,11.2,1,10.0
49,20230802,9,3,0,28.5,33.0,0.0,8.2,1,10.0
50,20230802,10,3,0,25.5,25.5,0.0,0.2,1,24.1
51,20230802,11,3,0,28.1,32.6,0.0,6.2,1,10.0
52,20230802,12,3,0,28.1,32.1,0.0,6.1,1,10.0
53,20230802,13,3,0,24.8,24.8,0.0,0.1,1,23.8
54,20230802,14,3,0,27.6,31.3,0.0,5.9,1,10.0
55,20230802,15,3,0,28.2,32.7,0.0,6.7,1,10.0
56,20230802,16,3,0,28.9,33.9,0.0,0.4,1,24.5
57,20230802,17,3,0,30.5,36.0,0.0,5.7,1,10.0
58,20230802,18,3,0,30.9,37.2,0.0,8.9,1,10.0
59,20230802,19,3,0,32.4,37.4,0.0,10.5,1,23.5
60,20230802,20,3,0,31.1,37.5,0.0,9.9,1,10.0
61,20230802,21,3,0,31.9,38.8,0.0,10.6,1,10.0
62,20230802,22,3,0,34.0,38.7,0.0,10.8,1,25.8
63,20230802,23,3,0,31.9,39.2,0.0,14.0,1,10.0
64,20230803,0,4,0,32.8,39.4,0.0,12.9,1,10.0
65,20230803,1,4,0,33.0,37.9,0.0,10.6,1,31.1
66,20230803,2,4,0,30.9,35.8,0.0,12.3,1,10.0
67,20230803,3,4,0,29.9,35.7,0.0,15.5,1,10.0
68,20230803,4,4,0,28.8,32.8,0.0,3.7,1,31.0
69,20230803,5,4,0,29.5,35.0,0.0,11.9,1,10.0
70,20230803,6,4,0,28.9,33.7,0.0,9.5,1,10.0
71,20230803,7,4,0,25.9,25.9,0.0,0.2,1,31.1
72,20230803,8,4,0,28.9,34.2,0.0,12.1,1,10.0
73,20230803,9,4,0,28.9,34.1,0.0,8.3,1,10.0
74,20230803,10,4,0,25.6,25.6,0.0,3.6,1,31.1
75,20230803,11,4,0,28.1,32.6,0.0,7.6,1,10.0
76,20230803,12,4,0,28.1,32.6,0.0,3.8,1,10.0
77,20230803,13,4,0,24.4,24.4,0.0,0.1,1,31.1
78,20230803,14,4,0,28.1,32.6,0.0,4.0,1,10.0
79,20230803,15,4,0,29.1,34.4,0.0,3.6,1,10.0
80,20230803,16,4,0,28.5,33.2,0.0,0.2,1,28.0
81,20230803,17,4,0,30.0,36.5,0.0,5.7,1,10.0
82,20230803,18,4,0,30.9,38.1,0.0,9.9,1,10.0
83,20230803,19,4,0,33.7,37.1,0.0,3.9,1,28.9
84,20230803,20,4,0,31.9,38.8,0.0,10.0,1,10.0
85,20230803,21,4,0,31.9,38.8,0.0,13.4,1,10.0
86,20230803,22,4,0,35.7,40.7,0.0,7.4,1,31.1
87,20230803,23,4,0,32.8,40.1,0.0,17.0,1,10.0
88,20230804,0,5,0,33.4,40.9,0.0,16.9,1,10.0
89,20230804,1,5,0,34.6,43.0,0.0,11.0,1,29.0
90,20230804,2,5,0,31.1,38.8,0.0,20.6,1,10.0
91,20230804,3,5,0,30.9,40.0,0.0,21.0,1,10.0
92,20230804,4,5,0,30.6,37.7,0.0,7.4,1,31.1
93,20230804,5,5,0,30.5,38.5,0.0,19.1,1,10.0
94,20230804,6,5,0,30.5,38.5,0.0,19.1,1,10.0
95,20230804,7,5,0,27.6,32.6,0.0,4.2,1,31.1
96,20230804,8,5,0,30.5,38.5,0.0,16.7,1,10.0
97,20230804,9,5,0,30.0,37.8,0.0,19.1,1,10.0
98,20230804,10,5,0,27.9,33.2,0.0,0.8,1,31.1
99,20230804,11,5,0,29.9,38.2,0.0,10.2,1,10.0
100,20230804,12,5,0,29.5,37.3,0.0,12.0,1,10.0
101,20230804,13,5,0,28.0,33.6,0.001,4.0,1,29.0
102,20230804,14,5,0,29.1,36.3,0.0,15.8,1,9.1
103,20230804,15,5,0,29.5,37.2,0.0,11.6,1,10.0
104,20230804,16,5,0,29.6,37.6,0.157,0.5,1,28.1
105,20230804,17,5,0,29.7,37.1,0.0,14.4,1,9.2
106,20230804,18,5,0,30.8,39.6,0.0,13.3,1,10.0
107,20230804,19,5,0,33.1,42.7,0.005,11.1,1,31.0
108,20230804,20,5,0,32.1,40.2,0.0,12.9,1,10.0
109,20230804,21,5,0,32.5,41.0,0.0,16.3,1,10.0
110,20230804,22,5,0,34.5,43.5,0.015,8.0,1,29.0
111,20230804,23,5,0,32.5,41.7,0.0,26.9,1,10.0
112,20230805,0,6,1,32.4,41.5,0.0,23.7,1,10.0
113,20230805,1,6,1,33.2,42.3,0.0,14.8,1,28.5
114,20230805,2,6,1,30.9,40.0,0.0,27.3,1,10.0
115,20230805,3,6,1,30.5,39.2,0.0,26.5,1,10.0
116,20230805,4,6,1,29.8,36.2,0.0,11.4,1,25.5
117,20230805,5,6,1,30.0,38.4,0.0,22.4,1,10.0
118,20230805,6,6,1,30.0,38.4,0.0,22.6,1,10.0
119,20230805,7,6,1,29.4,36.2,0.0,4.4,1,25.0
120,20230805,8,6,1,30.0,38.4,0.0,16.5,1,10.0
121,20230805,9,6,1,30.0,37.7,0.0,12.7,1,10.0
122,20230805,10,6,1,27.8,33.6,0.0,1.5,1,26.8
123,20230805,11,6,1,29.9,38.0,0.0,13.3,1,10.0
124,20230805,12,6,1,29.9,38.0,0.0,11.4,1,10.0
125,20230805,13,6,1,27.8,33.5,0.0,3.8,1,27.7
126,20230805,14,6,1,29.5,36.6,0.0,8.9,1,10.0
127,20230805,15,6,1,29.9,37.5,0.0,8.2,1,10.0
128,20230805,16,6,1,30.1,38.5,0.128,3.8,1,26.2
129,20230805,17,6,1,29.9,36.3,0.0,21.5,1,9.6
130,20230805,18,6,1,30.6,38.1,0.0,18.7,1,8.6
131,20230805,19,6,1,30.6,38.8,0.027,7.6,1,28.8
132,20230805,20,6,1,32.1,41.0,0.0,19.7,1,10.0
133,20230805,21,6,1,32.5,40.2,0.0,26.3,1,10.0
134,20230805,22,6,1,33.6,42.9,0.024,11.6,1,27.2
135,20230805,23,6,1,32.5,42.5,0.0,29.0,1,10.0
136,20230806,0,7,1,32.5,42.5,0.0,27.9,1,10.0
137,20230806,1,7,1,32.7,41.0,0.0,11.4,1,28.0
138,20230806,2,7,1,31.9,41.6,0.0,24.4,1,10.0
139,20230806,3,7,1,30.9,39.3,0.0,27.3,1,10.0
140,20230806,4,7,1,30.0,37.8,0.0,7.8,1,26.7
141,20230806,5,7,1,30.9,38.6,0.0,23.5,1,10.0
142,20230806,6,7,1,30.9,38.0,0.0,20.3,1,10.0
143,20230806,7,7,1,29.1,35.6,0.0,4.4,1,25.8
144,20230806,8,7,1,29.9,37.0,0.0,21.4,1,10.0
145,20230806,9,7,1,29.9,37.5,0.0,21.2,1,10.0
146,20230806,10,7,1,27.4,32.1,0.0,0.9,1,24.0
147,20230806,11,7,1,29.9,37.5,0.0,15.2,1,10.0
148,20230806,12,7,1,29.9,37.4,0.0,12.9,1,10.0
149,20230806,13,7,1,27.5,32.7,0.0,0.3,1,23.4
150,20230806,14,7,1,29.9,37.5,0.0,12.2,1,10.0
151,20230806,15,7,1,29.9,38.2,0.0,12.3,1,10.0
152,20230806,16,7,1,30.5,39.2,0.428,0.7,1,22.6
153,20230806,17,7,1,30.7,39.3,0.0,14.8,1,10.0
154,20230806,18,7,1,28.7,34.5,0.0,24.4,1,10.0
155,20230806,19,7,1,28.0,33.6,0.0,7.3,1,28.0
156,20230806,20,7,1,31.6,38.9,0.0,18.8,1,10.0
157,20230806,21,7,1,32.1,41.0,0.0,25.4,1,10.0
158,20230806,22,7,1,32.9,41.4,0.08,11.4,1,25.9
159,20230806,23,7,1,32.5,41.0,0.0,26.3,1,10.0
160,20230807,0,1,0,32.4,40.9,0.0,27.3,1,10.0
161,20230807,1,1,0,32.2,39.9,0.0,11.4,1,25.5
162,20230807,2,1,0,31.5,40.0,0.0,24.4,1,10.0
163,20230807,3,1,0,30.9,38.6,0.0,20.8,1,10.0
164,20230807,4,1,0,29.7,36.5,0.0,0.8,1,25.3
165,20230807,5,1,0,30.0,36.4,0.0,18.7,1,10.0
166,20230807,6,1,0,30.5,37.2,0.0,16.3,1,10.0
167,20230807,7,1,0,27.4,31.7,0.0,4.0,1,25.5
168,20230807,8,1,0,30.5,36.7,0.0,12.5,1,10.0
169,20230807,9,1,0,29.9,36.1,0.0,15.9,1,10.0
170,20230807,10,1,0,26.9,30.5,0.013,3.8,1,24.7
171,20230807,11,1,0,29.5,36.0,0.0,12.9,1,10.0
172,20230807,12,1,0,29.1,35.8,0.0,10.5,1,10.0
173,20230807,13,1,0,26.4,26.4,0.008,0.7,1,23.8
174,20230807,14,1,0,29.1,35.2,0.0,7.8,1,10.0
175,20230807,15,1,0,29.9,36.9,0.0,9.3,1,10.0
176,20230807,16,1,0,28.8,35.3,0.119,3.6,1,26.8
177,20230807,17,1,0,29.5,35.2,0.0,17.0,1,8.1
178,20230807,18,1,0,28.7,33.8,0.0,17.1,1,8.3
179,20230807,19,1,0,29.7,37.2,0.068,7.4,1,23.8
180,20230807,20,1,0,30.7,38.7,0.0,7.4,1,10.0
181,20230807,21,1,0,31.6,40.2,0.0,14.8,1,10.0
182,20230807,22,1,0,30.4,38.6,0.039,4.0,1,24.2
183,20230807,23,1,0,32.5,39.6,0.0,13.7,1,10.0
184,20230808,0,2,0,32.4,40.8,0.0,20.9,1,10.0
185,20230808,1,2,0,32.8,42.4,0.008,7.6,1,28.9
186,20230808,2,2,0,31.5,39.3,0.0,20.9,1,10.0
187,20230808,3,2,0,30.5,37.2,0.0,21.4,1,10.0
188,20230808,4,2,0,28.8,35.1,0.0,4.1,1,35.4
189,20230808,5,2,0,30.9,36.7,0.0,18.4,1,10.0
190,20230808,6,2,0,30.2,34.6,0.0,19.1,1,24.1
191,20230808,7,2,0,30.1,34.3,0.0,20.2,1,24.1
192,20230808,8,2,0,30.0,34.4,0.0,20.2,1,24.1
193,20230808,9,2,0,30.0,36.3,0.0,17.1,1,10.0
194,20230808,10,2,0,25.8,25.8,0.0,0.8,1,29.0
195,20230808,11,2,0,29.9,35.3,0.0,11.7,1,10.0
196,20230808,12,2,0,29.9,36.3,0.0,14.0,1,10.0
197,20230808,13,2,0,25.5,25.5,0.0,0.2,1,26.8
198,20230808,14,2,0,29.5,35.1,0.0,7.9,1,10.0
199,20230808,15,2,0,29.9,36.3,0.0,5.7,1,10.0
200,20230808,16,2,0,28.3,34.4,0.12,0.2,1,28.4
201,20230808,17,2,0,31.4,38.6,0.0,7.9,1,10.0
202,20230808,18,2,0,31.5,38.7,0.0,12.1,1,10.0
203,20230808,19,2,0,32.6,40.6,0.0,4.1,1,25.9
204,20230808,20,2,0,32.3,40.5,0.0,15.7,1,10.0
205,20230808,21,2,0,32.4,40.6,0.0,21.6,1,10.0
206,20230808,22,2,0,31.3,40.9,0.0,4.4,1,26.0
207,20230808,23,2,0,30.6,36.7,0.0,15.7,1,10.0
208,20230809,0,3,0,31.5,38.0,0.0,12.3,1,10.0
209,20230809,1,3,0,30.3,39.0,0.0,7.9,1,29.0
210,20230809,2,3,0,31.5,38.0,0.0,17.1,1,10.0
211,20230809,3,3,0,30.5,37.1,0.0,17.6,1,10.0
212,20230809,4,3,0,28.1,33.5,0.0,0.6,1,29.0
213,20230809,5,3,0,30.0,36.5,0.0,15.0,1,10.0
214,20230809,6,3,0,30.0,36.5,0.0,15.5,1,10.0
215,20230809,7,3,0,26.5,26.5,0.0,0.5,1,29.0
216,20230809,8,3,0,29.9,36.9,0.0,12.5,1,10.0
217,20230809,9,3,0,29.9,35.8,0.0,14.8,1,10.0
218,20230809,10,3,0,25.8,25.8,0.0,0.7,1,29.0
219,20230809,11,3,0,29.5,36.1,0.0,14.0,1,10.0
220,20230809,12,3,0,29.1,35.2,0.0,16.5,1,10.0
221,20230809,13,3,0,25.3,25.3,0.0,0.5,1,31.1
222,20230809,14,3,0,29.5,35.5,0.0,15.0,1,10.0
223,20230809,15,3,0,29.9,36.3,0.0,11.4,1,10.0
224,20230809,16,3,0,30.1,37.7,0.0,0.5,1,29.0
225,20230809,17,3,0,30.6,37.8,0.0,6.8,1,10.0
226,20230809,18,3,0,31.1,38.8,0.0,5.3,1,10.0
227,20230809,19,3,0,31.8,40.0,0.0,7.3,1,28.4
228,20230809,20,3,0,31.8,39.4,0.0,6.8,1,10.0
229,20230809,21,3,0,32.4,38.9,0.0,11.4,1,10.0
230,20230809,22,3,0,34.4,42.1,0.006,14.4,1,24.3
231,20230809,23,3,0,27.1,31.4,0.0,11.2,1,10.0
232,20230810,0,4,0,31.6,38.4,0.0,16.9,1,9.4
233,20230810,1,4,0,34.7,41.2,0.0,7.5,1,29.2
234,20230810,2,4,0,30.7,38.2,0.0,24.6,1,9.3
235,20230810,3,4,0,30.5,37.8,0.0,22.5,1,10.0
236,20230810,4,4,0,30.1,36.2,0.154,0.9,1,33.2
237,20230810,5,4,0,30.9,38.6,0.0,16.7,1,10.0
238,20230810,6,4,0,30.9,39.3,0.0,15.9,1,10.0
239,20230810,7,4,0,27.6,32.3,0.0,1.1,1,28.9
240,20230810,8,4,0,29.9,37.0,0.0,17.8,1,10.0
241,20230810,9,4,0,29.9,37.6,0.0,17.2,1,10.0
242,20230810,10,4,0,26.9,30.6,0.0,0.8,1,30.8
243,20230810,11,4,0,29.9,38.2,0.0,12.5,1,10.0
244,20230810,12,4,0,29.9,38.2,0.0,9.9,1,10.0
245,20230810,13,4,0,27.1,31.5,0.0,0.5,1,25.6
246,20230810,14,4,0,29.9,38.8,0.0,9.5,1,10.0
247,20230810,15,4,0,29.9,37.5,0.0,7.0,1,10.0
248,20230810,16,4,0,29.4,37.8,0.0,0.4,1,23.5
249,20230810,17,4,0,30.9,40.0,0.0,6.2,1,10.0
250,20230810,18,4,0,30.9,40.0,0.0,8.9,1,10.0
251,20230810,19,4,0,28.0,34.0,0.0,0.6,1,24.9
252,20230810,20,4,0,30.7,38.8,0.0,11.9,1,7.6
253,20230810,21,4,0,27.9,33.1,0.0,14.6,1,7.6
254,20230810,22,4,0,26.5,26.5,0.585,3.7,1,8.7
255,20230810,23,4,0,27.3,31.4,0.0,5.7,1,9.8
256,20230811,0,5,0,27.4,31.2,0.0,8.7,1,10.0
257,20230811,1,5,0,27.7,32.8,0.0,0.3,1,12.4
258,20230811,2,5,0,28.5,33.3,0.0,3.6,1,10.0
259,20230811,3,5,0,28.1,32.8,0.0,4.2,1,10.0
260,20230811,4,5,0,26.8,30.6,0.0,0.5,1,10.0
261,20230811,5,5,0,28.5,33.3,0.0,3.6,1,10.0
262,20230811,6,5,0,28.5,33.6,0.0,3.8,1,10.0
263,20230811,7,5,0,26.5,26.5,0.0,0.1,1,28.8
264,20230811,8,5,0,28.9,35.6,0.0,3.6,1,10.0
265,20230811,9,5,0,28.5,33.8,0.0,4.6,1,10.0
266,20230811,10,5,0,26.4,26.4,0.262,0.8,1,13.3
267,20230811,11,5,0,27.7,32.9,0.0,8.9,1,9.7
268,20230811,12,5,0,27.5,31.5,0.0,15.0,1,10.0
269,20230811,13,5,0,26.2,26.2,0.0,0.6,1,27.7
270,20230811,14,5,0,27.5,32.2,0.0,7.2,1,10.0
271,20230811,15,5,0,27.6,31.6,0.0,11.2,1,10.0
272,20230811,16,5,0,27.7,33.0,1.745,0.3,1,26.1
273,20230811,17,5,0,28.4,33.1,0.0,12.2,1,10.0
274,20230811,18,5,0,28.3,32.9,0.0,17.9,1,9.8
275,20230811,19,5,0,28.7,34.3,0.0,3.9,1,23.9
276,20230811,20,5,0,29.0,35.1,0.0,11.6,1,10.0
277,20230811,21,5,0,30.5,36.6,0.0,9.4,1,10.0
278,20230811,22,5,0,30.6,37.6,0.046,7.5,1,20.5
279,20230811,23,5,0,31.3,37.3,0.0,19.0,1,10.0
280,20230812,0,6,1,30.3,37.3,0.0,27.1,1,10.0
281,20230812,1,6,1,29.1,35.5,0.055,1.1,1,26.8
282,20230812,2,6,1,28.5,33.3,0.0,26.3,1,10.0
283,20230812,3,6,1,28.9,34.1,0.0,23.5,1,10.0
284,20230812,4,6,1,27.4,31.2,0.0,4.4,1,31.1
285,20230812,5,6,1,28.1,32.5,0.0,14.1,1,10.0
286,20230812,6,6,1,28.5,33.3,0.0,7.9,1,10.0
287,20230812,7,6,1,25.8,25.8,0.0,0.2,1,33.2
288,20230812,8,6,1,27.9,32.4,0.0,4.6,1,10.0
289,20230812,9,6,1,28.5,33.4,0.0,10.4,1,10.0
290,20230812,10,6,1,25.8,25.8,0.021,3.6,1,25.5
291,20230812,11,6,1,27.1,30.5,0.0,7.2,1,10.0
292,20230812,12,6,1,27.5,31.8,0.0,5.9,1,10.0
293,20230812,13,6,1,25.6,25.6,0.0,3.5,1,31.1
294,20230812,14,6,1,27.9,32.6,0.0,8.2,1,10.0
295,20230812,15,6,1,27.9,32.3,0.0,9.1,1,10.0
296,20230812,16,6,1,27.6,32.2,0.629,0.3,1,27.8
297,20230812,17,6,1,29.5,36.1,0.0,8.7,1,10.0
298,20230812,18,6,1,30.0,37.2,0.0,12.1,1,10.0
299,20230812,19,6,1,30.6,37.5,0.0,7.6,1,31.1
300,20230812,20,6,1,30.9,37.9,0.0,17.1,1,10.0
301,20230812,21,6,1,31.5,40.0,0.0,21.8,1,10.0
302,20230812,22,6,1,30.5,38.9,0.013,4.6,1,29.0
303,20230812,23,6,1,29.0,34.8,0.0,20.1,1,9.9
304,20230813,0,7,1,30.5,37.7,0.0,18.4,1,10.0
305,20230813,1,7,1,30.2,37.6,0.0,7.5,1,33.1
306,20230813,2,7,1,29.9,36.3,0.0,16.7,1,10.0
307,20230813,3,7,1,29.9,36.3,0.0,22.0,1,10.0
308,20230813,4,7,1,28.1,33.1,0.0,0.7,1,31.1
309,20230813,5,7,1,29.5,36.1,0.0,16.9,1,10.0
310,20230813,6,7,1,29.4,35.4,0.0,12.9,1,10.0
311,20230813,7,7,1,26.8,30.3,0.0,7.0,1,26.4
312,20230813,8,7,1,29.5,36.1,0.0,14.6,1,10.0
313,20230813,9,7,1,28.9,35.0,0.0,11.0,1,10.0
314,20230813,10,7,1,26.8,30.4,0.0,0.3,1,31.1
315,20230813,11,7,1,29.4,34.8,0.0,14.9,1,10.0
316,20230813,12,7,1,28.9,34.5,0.0,16.7,1,10.0
317,20230813,13,7,1,26.8,30.5,0.0,3.9,1,31.1
318,20230813,14,7,1,28.5,33.4,0.0,15.0,1,10.0
319,20230813,15,7,1,28.9,34.6,0.0,13.8,1,10.0
320,20230813,16,7,1,28.0,33.5,0.159,0.6,1,31.0
321,20230813,17,7,1,29.2,35.4,0.0,13.6,1,9.7
322,20230813,18,7,1,27.1,31.1,0.0,18.2,1,6.5
323,20230813,19,7,1,26.1,26.1,0.55,4.0,1,19.0
324,20230813,20,7,1,28.6,34.9,0.0,12.1,1,10.0
325,20230813,21,7,1,30.0,37.0,0.0,13.8,1,10.0
326,20230813,22,7,1,30.4,37.8,0.194,7.5,1,31.0
327,20230813,23,7,1,30.4,37.0,0.0,21.2,1,10.0
328,20230814,0,1,0,30.4,37.6,0.0,19.5,1,10.0
329,20230814,1,1,0,29.8,36.2,0.014,7.5,1,29.0
330,20230814,2,1,0,29.9,36.3,0.0,21.4,1,10.0
331,20230814,3,1,0,29.5,35.6,0.0,18.2,1,10.0
332,20230814,4,1,0,27.3,31.8,0.0,4.1,1,29.0
333,20230814,5,1,0,29.4,36.0,0.0,15.7,1,10.0
334,20230814,6,1,0,29.5,36.8,0.0,11.7,1,10.0
335,20230814,7,1,0,26.6,26.6,0.0,0.3,1,25.8
336,20230814,8,1,0,29.4,37.1,0.0,13.6,1,10.0
337,20230814,9,1,0,28.9,35.6,0.0,14.2,1,10.0
338,20230814,10,1,0,26.8,30.8,0.103,3.6,1,23.5
339,20230814,11,1,0,28.5,34.4,0.0,20.5,1,7.4
340,20230814,12,1,0,28.1,33.1,0.0,12.5,1,10.0
341,20230814,13,1,0,26.0,26.0,0.0,3.6,1,23.6
342,20230814,14,1,0,28.6,34.0,0.0,5.1,1,10.0
343,20230814,15,1,0,28.6,34.5,0.0,9.3,1,10.0
344,20230814,16,1,0,27.5,33.0,22.771,3.7,1,23.0
345,20230814,17,1,0,29.1,35.9,0.0,9.7,1,8.1
346,20230814,18,1,0,29.5,36.7,0.0,19.7,1,10.0
347,20230814,19,1,0,27.4,32.3,0.948,4.3,1,18.6
348,20230814,20,1,0,30.0,37.9,0.0,11.7,1,10.0
349,20230814,21,1,0,31.0,39.4,0.0,15.3,1,10.0
350,20230814,22,1,0,31.1,41.9,0.025,4.4,1,24.6
351,20230814,23,1,0,30.0,38.2,0.0,9.6,1,10.0
352,20230815,0,2,0,30.6,38.6,0.0,14.0,1,10.0
353,20230815,1,2,0,30.8,40.2,0.0,4.2,1,29.0
354,20230815,2,2,0,30.5,38.5,0.0,18.6,1,10.0
355,20230815,3,2,0,29.9,37.6,0.0,19.7,1,10.0
356,20230815,4,2,0,28.2,34.3,0.0,0.7,1,29.0
357,20230815,5,2,0,29.9,37.6,0.0,17.8,1,10.0
358,20230815,6,2,0,29.5,36.8,0.0,17.2,1,10.0
359,20230815,7,2,0,26.7,30.2,0.0,0.6,1,28.9
360,20230815,8,2,0,29.5,36.9,0.0,13.1,1,10.0
361,20230815,9,2,0,29.5,37.4,0.0,14.6,1,10.0
362,20230815,10,2,0,26.2,26.2,0.0,0.6,1,26.3
363,20230815,11,2,0,29.5,36.8,0.0,13.1,1,10.0
364,20230815,12,2,0,29.5,36.8,0.0,13.8,1,10.0
365,20230815,13,2,0,25.9,25.9,0.0,0.5,1,25.1
366,20230815,14,2,0,29.1,35.9,0.0,12.5,1,10.0
367,20230815,15,2,0,29.5,36.8,0.0,10.6,1,10.0
368,20230815,16,2,0,29.7,37.8,15.004,0.6,1,26.3
369,20230815,17,2,0,30.5,40.0,0.0,8.2,1,10.0
370,20230815,18,2,0,31.1,41.0,0.0,9.3,1,10.0
371,20230815,19,2,0,32.6,41.5,0.0,10.9,1,26.5
372,20230815,20,2,0,31.3,39.7,0.0,16.5,1,10.0
373,20230815,21,2,0,28.7,34.8,0.0,12.0,1,10.0
374,20230815,22,2,0,30.5,40.7,0.086,7.5,1,26.6
375,20230815,23,2,0,31.4,40.0,0.0,11.8,1,10.0
376,20230816,0,3,0,31.4,40.1,0.0,15.4,1,10.0
377,20230816,1,3,0,31.0,40.7,0.0,4.3,1,28.9
378,20230816,2,3,0,30.9,39.3,0.0,16.7,1,10.0
379,20230816,3,3,0,29.9,37.6,0.0,13.4,1,10.0
380,20230816,4,3,0,28.7,35.8,0.0,3.9,1,25.1
381,20230816,5,3,0,29.9,38.2,0.0,15.9,1,10.0
382,20230816,6,3,0,29.9,38.2,0.0,15.7,1,10.0
383,20230816,7,3,0,27.8,33.4,0.0,0.6,1,24.2
384,20230816,8,3,0,29.9,38.2,0.0,19.1,1,10.0
385,20230816,9,3,0,29.9,37.5,0.0,16.3,1,10.0
386,20230816,10,3,0,26.7,30.5,0.0,1.0,1,29.0
387,20230816,11,3,0,29.1,36.5,0.0,15.7,1,10.0
388,20230816,12,3,0,29.1,35.9,0.0,15.7,1,10.0
389,20230816,13,3,0,26.2,26.2,0.0,0.6,1,26.7
390,20230816,14,3,0,29.1,35.9,0.0,9.9,1,10.0
391,20230816,15,3,0,29.9,38.2,0.0,12.5,1,10.0
392,20230816,16,3,0,29.7,38.5,0.0,0.6,1,22.3
393,20230816,17,3,0,31.1,39.4,0.0,9.7,1,10.0
394,20230816,18,3,0,31.1,39.6,0.0,11.2,1,10.0
395,20230816,19,3,0,33.2,42.5,0.0,11.0,1,25.5
396,20230816,20,3,0,32.1,41.2,0.0,15.0,1,10.0
397,20230816,21,3,0,33.4,43.2,0.0,19.5,1,10.0
398,20230816,22,3,0,34.5,42.8,0.0,11.0,1,26.7
399,20230816,23,3,0,32.9,41.8,0.0,22.0,1,10.0
400,20230817,0,4,0,32.9,43.1,0.0,20.5,1,10.0
401,20230817,1,4,0,33.6,42.5,0.0,11.3,1,28.4
402,20230817,2,4,0,31.9,41.7,0.0,23.5,1,10.0
403,20230817,3,4,0,30.9,39.3,0.0,21.2,1,10.0
404,20230817,4,4,0,30.1,37.8,0.0,0.9,1,27.4
405,20230817,5,4,0,30.5,39.9,0.0,18.9,1,10.0
406,20230817,6,4,0,30.5,39.9,0.0,18.0,1,10.0
407,20230817,7,4,0,28.2,34.7,0.0,0.7,1,25.5
408,20230817,8,4,0,30.0,38.4,0.0,14.6,1,10.0
409,20230817,9,4,0,29.9,38.3,0.0,17.1,1,10.0
410,20230817,10,4,0,27.9,33.9,0.0,0.9,1,26.7
411,20230817,11,4,0,29.9,37.6,0.0,13.1,1,10.0
412,20230817,12,4,0,29.9,38.2,0.0,12.5,1,10.0
413,20230817,13,4,0,27.5,33.0,0.0,0.6,1,26.7
414,20230817,14,4,0,29.9,38.2,0.0,13.1,1,10.0
415,20230817,15,4,0,29.9,38.2,0.0,11.4,1,10.0
416,20230817,16,4,0,30.1,39.3,0.0,4.1,1,24.7
417,20230817,17,4,0,31.1,40.8,0.0,14.0,1,10.0
418,20230817,18,4,0,32.1,43.3,0.0,14.3,1,10.0
419,20230817,19,4,0,33.4,44.3,0.0,10.6,1,23.7
420,20230817,20,4,0,31.6,40.3,0.0,20.1,1,9.1
421,20230817,21,4,0,30.3,37.3,0.0,14.8,1,9.1
422,20230817,22,4,0,27.5,31.9,0.0,11.1,1,23.8
423,20230817,23,4,0,29.6,36.4,0.0,9.9,1,10.0
424,20230818,0,5,0,30.4,37.7,0.0,10.4,1,10.0
425,20230818,1,5,0,30.1,37.9,0.003,0.7,1,23.8
426,20230818,2,5,0,30.5,37.9,0.0,12.0,1,10.0
427,20230818,3,5,0,29.1,37.0,0.0,10.8,1,10.0
428,20230818,4,5,0,28.2,34.7,0.006,4.3,1,26.7
429,20230818,5,5,0,29.9,38.2,0.0,10.0,1,10.0
430,20230818,6,5,0,29.0,34.9,0.0,17.3,1,24.1
431,20230818,7,5,0,28.5,33.8,0.0,15.5,1,14.4
432,20230818,8,5,0,29.5,38.1,0.0,11.0,1,10.0
433,20230818,9,5,0,29.9,37.5,0.0,20.9,1,10.0
434,20230818,10,5,0,26.9,30.9,0.0,1.3,1,24.4
435,20230818,11,5,0,29.9,39.5,0.0,12.2,1,10.0
436,20230818,12,5,0,29.5,37.9,0.0,12.7,1,10.0
437,20230818,13,5,0,26.6,26.6,0.0,1.0,1,19.7
438,20230818,14,5,0,29.1,37.6,0.0,14.1,1,10.0
439,20230818,15,5,0,29.9,39.5,0.0,11.4,1,10.0
440,20230818,16,5,0,30.1,41.0,0.025,4.3,1,22.1
441,20230818,17,5,0,30.1,39.9,0.0,14.2,1,7.6
442,20230818,18,5,0,29.8,38.1,0.0,11.6,1,7.2
443,20230818,19,5,0,26.3,26.3,11.7,4.4,1,8.8
444,20230818,20,5,0,28.3,34.2,0.0,9.1,1,9.1
445,20230818,21,5,0,27.7,33.0,0.0,7.4,1,10.0
446,20230818,22,5,0,27.8,32.6,0.684,3.7,1,22.3
447,20230818,23,5,0,28.9,35.7,0.0,7.6,1,10.0
448,20230819,0,6,1,30.4,38.4,0.0,6.2,1,10.0
449,20230819,1,6,1,32.1,42.6,0.0,4.2,1,23.3
450,20230819,2,6,1,30.0,37.7,0.0,10.0,1,10.0
451,20230819,3,6,1,29.5,37.3,0.0,9.5,1,10.0
452,20230819,4,6,1,28.6,35.3,0.0,0.3,1,19.2
453,20230819,5,6,1,29.5,37.3,0.0,9.6,1,10.0
454,20230819,6,6,1,29.5,37.3,0.0,6.7,1,10.0
455,20230819,7,6,1,27.3,32.2,0.0,3.6,1,15.6
456,20230819,8,6,1,29.1,36.3,0.0,7.4,1,10.0
457,20230819,9,6,1,29.1,36.5,0.0,11.5,1,10.0
458,20230819,10,6,1,27.3,32.2,0.0,3.5,1,16.0
459,20230819,11,6,1,29.1,36.5,0.0,8.0,1,10.0
460,20230819,12,6,1,29.1,36.5,0.0,6.1,1,10.0
461,20230819,13,6,1,26.7,30.5,0.0,0.2,1,18.1
462,20230819,14,6,1,28.1,34.4,0.0,9.6,1,8.1
463,20230819,15,6,1,28.5,35.3,0.0,7.4,1,10.0
464,20230819,16,6,1,29.1,37.3,32.692,7.0,1,15.8
465,20230819,17,6,1,29.5,37.3,0.0,6.2,1,9.3
466,20230819,18,6,1,30.3,38.6,0.0,10.2,1,9.5
467,20230819,19,6,1,31.4,42.2,0.0,7.6,1,19.9
468,20230819,20,6,1,28.9,35.0,0.0,12.3,1,8.1
469,20230819,21,6,1,28.5,32.9,0.0,15.5,1,10.0
470,20230819,22,6,1,25.0,25.0,1.028,1.1,1,11.2
471,20230819,23,6,1,29.0,34.7,0.0,19.5,1,10.0
472,20230820,0,7,1,29.1,35.9,0.0,15.3,1,10.0
473,20230820,1,7,1,30.6,37.6,0.0,4.2,1,28.8
474,20230820,2,7,1,29.5,36.1,0.0,19.5,1,10.0
475,20230820,3,7,1,29.5,36.1,0.0,12.8,1,10.0
476,20230820,4,7,1,27.6,32.4,0.0,4.1,1,33.1
477,20230820,5,7,1,29.5,36.8,0.0,17.4,1,10.0
478,20230820,6,7,1,29.4,36.6,0.0,15.0,1,10.0
479,20230820,7,7,1,26.6,26.6,0.0,0.9,1,25.6
480,20230820,8,7,1,28.9,36.2,0.0,14.2,1,10.0
481,20230820,9,7,1,28.5,35.3,0.0,12.3,1,10.0
482,20230820,10,7,1,26.8,30.6,0.0,3.7,1,26.2
483,20230820,11,7,1,28.9,35.5,0.0,12.3,1,10.0
484,20230820,12,7,1,28.5,34.7,0.0,8.2,1,10.0
485,20230820,13,7,1,26.5,26.5,0.0,3.5,1,30.2
486,20230820,14,7,1,27.5,31.9,0.0,6.8,1,6.7
487,20230820,15,7,1,28.1,33.1,0.0,4.2,1,9.1
488,20230820,16,7,1,28.9,36.8,1.27,3.6,1,27.7
489,20230820,17,7,1,29.4,36.1,0.0,7.2,1,10.0
490,20230820,18,7,1,29.5,36.2,0.0,7.2,1,9.8
491,20230820,19,7,1,30.3,39.3,0.0,3.9,1,30.6
492,20230820,20,7,1,30.4,37.6,0.0,5.7,1,10.0
493,20230820,21,7,1,30.4,38.2,0.0,6.5,1,10.0
494,20230820,22,7,1,30.4,38.7,0.015,7.2,1,31.1
495,20230820,23,7,1,30.4,37.7,0.0,9.1,1,10.0
496,20230821,0,1,0,30.8,39.1,0.0,9.9,1,10.0
497,20230821,1,1,0,30.4,39.3,0.259,7.8,1,31.0
498,20230821,2,1,0,29.9,37.5,0.0,14.2,1,10.0
499,20230821,3,1,0,30.4,37.6,0.0,10.0,1,10.0
500,20230821,4,1,0,28.1,34.1,0.0,7.3,1,33.2
501,20230821,5,1,0,29.5,36.1,0.0,10.0,1,10.0
502,20230821,6,1,0,28.9,35.6,0.0,8.7,1,10.0
503,20230821,7,1,0,27.4,32.6,0.0,7.4,1,33.2
504,20230821,8,1,0,28.9,35.1,0.0,10.8,1,10.0
505,20230821,9,1,0,28.9,35.1,0.0,8.3,1,10.0
506,20230821,10,1,0,26.9,31.0,0.0,3.9,1,31.1
507,20230821,11,1,0,28.5,34.1,0.0,10.1,1,10.0
508,20230821,12,1,0,28.5,33.8,0.0,10.0,1,10.0
509,20230821,13,1,0,26.7,30.3,0.0,0.4,1,30.9
510,20230821,14,1,0,28.1,33.4,0.0,7.8,1,10.0
511,20230821,15,1,0,28.9,35.7,0.0,7.6,1,10.0
512,20230821,16,1,0,29.3,37.6,0.06,4.0,1,30.9
513,20230821,17,1,0,31.4,39.9,0.0,12.9,1,10.0
514,20230821,18,1,0,31.4,40.1,0.0,15.8,1,10.0
515,20230821,19,1,0,32.1,42.4,0.0,10.4,1,31.1
516,20230821,20,1,0,31.8,40.9,0.0,12.9,1,10.0
517,20230821,21,1,0,31.4,40.1,0.0,12.7,1,10.0
518,20230821,22,1,0,31.3,40.8,0.0,7.9,1,31.1
519,20230821,23,1,0,31.4,40.1,0.0,16.8,1,10.0
520,20230822,0,2,0,30.9,38.2,0.0,11.9,1,10.0
521,20230822,1,2,0,29.4,36.4,0.0,7.6,1,34.3
522,20230822,2,2,0,29.9,37.0,0.0,12.3,1,10.0
523,20230822,3,2,0,29.9,36.9,0.0,12.9,1,10.0
524,20230822,4,2,0,28.1,34.1,0.0,4.3,1,32.2
525,20230822,5,2,0,29.9,37.0,0.0,10.2,1,10.0
526,20230822,6,2,0,29.9,37.0,0.0,11.9,1,10.0
527,20230822,7,2,0,27.7,33.1,0.0,4.4,1,31.1
528,20230822,8,2,0,29.5,36.2,0.0,8.5,1,10.0
529,20230822,9,2,0,29.5,36.2,0.0,9.6,1,10.0
530,20230822,10,2,0,27.0,31.2,0.0,0.5,1,31.1
531,20230822,11,2,0,28.6,34.8,0.0,10.0,1,10.0
532,20230822,12,2,0,28.6,34.9,0.0,9.5,1,10.0
533,20230822,13,2,0,26.0,26.0,0.0,0.3,1,31.1
534,20230822,14,2,0,28.5,34.7,0.0,6.8,1,10.0
535,20230822,15,2,0,29.1,35.3,0.0,9.8,1,10.0
536,20230822,16,2,0,29.2,36.5,0.219,3.5,1,29.0
537,20230822,17,2,0,30.5,39.2,0.0,10.4,1,10.0
538,20230822,18,2,0,31.1,39.5,0.0,11.7,1,10.0
539,20230822,19,2,0,31.3,38.9,0.0,7.6,1,28.9
540,20230822,20,2,0,31.5,38.2,0.0,14.6,1,10.0
541,20230822,21,2,0,31.4,38.6,0.0,14.6,1,10.0
542,20230822,22,2,0,31.9,42.2,0.0,11.4,1,31.1
543,20230822,23,2,0,31.9,40.1,0.0,16.3,1,10.0
544,20230823,0,3,0,31.5,39.4,0.0,16.9,1,10.0
545,20230823,1,3,0,30.2,38.6,0.0,10.8,1,31.1
546,20230823,2,3,0,30.9,38.5,0.0,14.6,1,10.0
547,20230823,3,3,0,29.9,36.9,0.0,12.5,1,10.0
548,20230823,4,3,0,28.9,35.8,0.0,7.7,1,31.1
549,20230823,5,3,0,30.0,37.7,0.0,11.1,1,10.0
550,20230823,6,3,0,29.9,38.1,0.0,13.1,1,10.0
551,20230823,7,3,0,28.0,33.4,0.0,1.3,1,31.1
552,20230823,8,3,0,29.9,37.5,0.0,11.2,1,10.0
553,20230823,9,3,0,29.5,36.6,0.0,9.5,1,10.0
554,20230823,10,3,0,27.3,32.0,0.0,3.9,1,29.0
555,20230823,11,3,0,29.5,36.1,0.0,10.2,1,10.0
556,20230823,12,3,0,29.5,36.2,0.0,6.4,1,10.0
557,20230823,13,3,0,26.7,30.5,0.0,0.6,1,31.1
558,20230823,14,3,0,29.1,35.3,0.0,9.5,1,10.0
559,20230823,15,3,0,29.0,34.8,0.0,6.7,1,10.0
560,20230823,16,3,0,29.2,37.1,0.02,3.7,1,29.0
561,20230823,17,3,0,30.9,39.1,0.0,8.7,1,10.0
562,20230823,18,3,0,31.5,39.7,0.0,13.6,1,10.0
563,20230823,19,3,0,33.3,42.8,0.0,7.1,1,29.0
564,20230823,20,3,0,32.4,41.5,0.0,15.5,1,10.0
565,20230823,21,3,0,31.9,40.2,0.0,18.7,1,10.0
566,20230823,22,3,0,34.2,41.3,0.0,11.6,1,31.1
567,20230823,23,3,0,32.0,40.2,0.0,18.0,1,10.0
568,20230824,0,4,0,31.5,39.3,0.0,16.9,1,10.0
569,20230824,1,4,0,32.1,41.8,0.0,1.3,1,31.1
570,20230824,2,4,0,30.9,38.6,0.0,13.6,1,10.0
571,20230824,3,4,0,30.9,39.2,0.0,14.6,1,10.0
572,20230824,4,4,0,29.4,37.0,0.0,7.4,1,31.1
573,20230824,5,4,0,29.1,36.6,0.0,11.9,1,10.0
574,20230824,6,4,0,29.6,36.9,0.0,10.6,1,10.0
575,20230824,7,4,0,28.7,35.8,0.0,10.4,1,31.1
576,20230824,8,4,0,30.0,37.7,0.0,12.9,1,10.0
577,20230824,9,4,0,29.6,36.9,0.0,10.6,1,10.0
578,20230824,10,4,0,28.1,34.2,0.006,7.2,1,26.8
579,20230824,11,4,0,29.6,36.9,0.0,11.6,1,10.0
580,20230824,12,4,0,28.5,34.2,0.0,7.0,1,10.0
581,20230824,13,4,0,25.7,25.7,7.049,4.2,1,24.6
582,20230824,14,4,0,27.4,32.2,0.0,9.4,1,9.2
583,20230824,15,4,0,27.9,33.1,0.0,12.3,1,10.0
584,20230824,16,4,0,25.8,25.8,9.556,10.4,1,29.0
585,20230824,17,4,0,29.8,36.7,0.0,8.9,1,10.0
586,20230824,18,4,0,29.9,36.9,0.0,10.6,1,10.0
587,20230824,19,4,0,30.3,38.9,0.0,10.7,1,8.0
588,20230824,20,4,0,29.1,36.9,0.0,14.0,1,10.0
589,20230824,21,4,0,27.7,32.3,0.0,19.3,1,6.7
590,20230824,22,4,0,30.1,38.0,0.043,10.3,1,29.0
591,20230824,23,4,0,29.1,34.9,0.0,9.6,1,10.0
592,20230825,0,5,0,29.5,35.6,0.0,8.3,1,10.0
593,20230825,1,5,0,28.9,35.4,0.0,7.3,1,33.2
594,20230825,2,5,0,29.5,35.6,0.0,10.4,1,10.0
595,20230825,3,5,0,29.5,36.2,0.0,6.4,1,10.0
596,20230825,4,5,0,27.7,32.7,0.0,3.8,1,9.1
597,20230825,5,5,0,29.5,35.5,0.0,9.9,1,10.0
598,20230825,6,5,0,28.7,33.1,0.0,6.5,1,24.1
599,20230825,7,5,0,29.2,34.7,0.0,10.5,1,18.4
600,20230825,8,5,0,28.6,34.5,0.0,7.0,1,10.0
601,20230825,9,5,0,28.6,34.5,0.0,8.5,1,10.0
602,20230825,10,5,0,26.6,26.6,0.0,3.9,1,19.5
603,20230825,11,5,0,28.1,33.8,0.0,8.3,1,10.0
604,20230825,12,5,0,28.5,33.8,0.0,8.5,1,10.0
605,20230825,13,5,0,26.0,26.0,0.0,0.6,1,21.6
606,20230825,14,5,0,27.6,32.7,0.0,5.9,1,10.0
607,20230825,15,5,0,29.1,35.9,0.0,6.6,1,10.0
608,20230825,16,5,0,28.9,36.2,0.577,4.0,1,18.7
609,20230825,17,5,0,31.4,40.1,0.0,9.0,1,10.0
610,20230825,18,5,0,31.1,38.9,0.0,7.2,1,10.0
611,20230825,19,5,0,30.3,38.5,0.441,4.1,1,19.5
612,20230825,20,5,0,31.1,38.9,0.0,10.4,1,10.0
613,20230825,21,5,0,31.9,40.6,0.0,15.6,1,10.0
614,20230825,22,5,0,30.5,38.5,0.099,5.2,1,19.5
615,20230825,23,5,0,29.6,35.9,0.0,9.3,1,10.0
616,20230826,0,6,1,29.6,35.9,0.0,5.5,1,10.0
617,20230826,1,6,1,27.3,32.2,0.0,4.0,1,21.7
618,20230826,2,6,1,29.9,37.5,0.0,5.1,1,10.0
619,20230826,3,6,1,29.9,37.6,0.0,10.1,1,10.0
620,20230826,4,6,1,29.4,35.5,0.0,6.5,1,10.3
621,20230826,5,6,1,29.9,37.0,0.0,6.8,1,10.0
622,20230826,6,6,1,29.9,37.0,0.0,7.4,1,10.0
623,20230826,7,6,1,27.0,31.2,0.0,4.1,1,31.1
624,20230826,8,6,1,29.1,35.4,0.0,11.0,1,10.0
625,20230826,9,6,1,29.1,35.4,0.0,10.2,1,10.0
626,20230826,10,6,1,26.3,26.3,0.0,3.8,1,28.0
627,20230826,11,6,1,28.9,35.2,0.0,6.1,1,10.0
628,20230826,12,6,1,28.9,35.2,0.0,3.4,1,10.0
629,20230826,13,6,1,26.2,26.2,0.0,0.5,1,32.6
630,20230826,14,6,1,28.5,34.4,0.0,6.7,1,10.0
631,20230826,15,6,1,28.9,35.7,0.0,10.6,1,10.0
632,20230826,16,6,1,29.1,36.2,17.656,3.8,1,28.0
633,20230826,17,6,1,30.9,38.6,0.0,10.8,1,10.0
634,20230826,18,6,1,30.9,39.2,0.0,10.0,1,10.0
635,20230826,19,6,1,30.5,39.4,0.0,4.0,1,29.0
636,20230826,20,6,1,30.9,39.3,0.0,13.5,1,10.0
637,20230826,21,6,1,31.4,39.8,0.0,11.7,1,10.0
638,20230826,22,6,1,31.1,40.3,0.0,7.6,1,31.1
639,20230826,23,6,1,30.9,40.0,0.0,17.5,1,10.0
640,20230827,0,7,1,30.9,39.1,0.0,17.0,1,10.0
641,20230827,1,7,1,29.9,38.6,0.0,7.7,1,31.1
642,20230827,2,7,1,30.5,38.3,0.0,16.9,1,10.0
643,20230827,3,7,1,30.4,37.7,0.0,15.4,1,10.0
644,20230827,4,7,1,28.7,36.2,0.0,7.3,1,31.1
645,20230827,5,7,1,29.9,38.1,0.0,11.9,1,10.0
646,20230827,6,7,1,30.0,37.2,0.0,7.9,1,10.0
647,20230827,7,7,1,28.2,34.2,0.0,6.9,1,31.1
648,20230827,8,7,1,29.9,37.5,0.0,10.2,1,10.0
649,20230827,9,7,1,29.9,37.5,0.0,11.7,1,10.0
650,20230827,10,7,1,27.9,33.6,0.0,3.6,1,31.1
651,20230827,11,7,1,29.1,35.9,0.0,7.0,1,10.0
652,20230827,12,7,1,29.5,36.7,0.0,7.8,1,10.0
653,20230827,13,7,1,27.0,31.3,0.0,0.3,1,31.0
654,20230827,14,7,1,27.4,32.0,0.0,6.1,1,9.1
655,20230827,15,7,1,28.0,33.7,0.0,8.7,1,10.0
656,20230827,16,7,1,27.8,33.3,0.697,3.8,1,28.0
657,20230827,17,7,1,30.0,37.3,0.0,10.8,1,10.0
658,20230827,18,7,1,30.9,40.1,0.0,12.7,1,10.0
659,20230827,19,7,1,31.7,41.3,0.0,4.0,1,28.9
660,20230827,20,7,1,30.9,39.9,0.0,12.5,1,10.0
661,20230827,21,7,1,31.9,41.7,0.0,17.8,1,10.0
662,20230827,22,7,1,27.6,32.6,0.008,7.5,1,29.0
663,20230827,23,7,1,31.4,40.8,0.0,12.7,1,10.0
664,20230828,0,1,0,31.4,40.7,0.0,17.0,1,10.0
665,20230828,1,1,0,29.3,37.6,0.0,7.7,1,31.1
666,20230828,2,1,0,30.9,38.6,0.0,16.3,1,10.0
667,20230828,3,1,0,30.0,37.8,0.0,13.8,1,10.0
668,20230828,4,1,0,28.3,34.7,0.0,10.7,1,31.1
669,20230828,5,1,0,30.0,37.2,0.0,14.0,1,10.0
670,20230828,6,1,0,29.9,37.5,0.0,14.4,1,10.0
671,20230828,7,1,0,27.7,33.4,0.0,0.9,1,31.1
672,20230828,8,1,0,29.1,36.4,0.0,9.3,1,10.0
673,20230828,9,1,0,29.1,35.9,0.0,10.0,1,10.0
674,20230828,10,1,0,26.8,30.8,0.028,0.4,1,28.8
675,20230828,11,1,0,29.1,36.4,0.0,7.8,1,10.0
676,20230828,12,1,0,29.1,36.4,0.0,7.8,1,10.0
677,20230828,13,1,0,26.9,30.6,0.0,7.6,1,20.0
678,20230828,14,1,0,28.5,33.9,0.0,7.9,1,10.0
679,20230828,15,1,0,28.6,34.5,0.0,7.4,1,8.1
680,20230828,16,1,0,27.5,32.5,0.02,3.7,1,31.1
681,20230828,17,1,0,29.8,36.6,0.0,10.6,1,10.0
682,20230828,18,1,0,30.0,37.1,0.0,8.5,1,10.0
683,20230828,19,1,0,31.5,42.0,0.0,7.3,1,27.7
684,20230828,20,1,0,31.0,39.6,0.0,9.8,1,10.0
685,20230828,21,1,0,31.0,38.9,0.0,10.6,1,10.0
686,20230828,22,1,0,32.0,42.4,0.001,7.9,1,33.2
687,20230828,23,1,0,31.4,40.0,0.0,11.3,1,10.0
688,20230829,0,2,0,30.9,39.5,0.0,13.8,1,10.0
689,20230829,1,2,0,30.4,39.3,0.0,7.5,1,29.9
690,20230829,2,2,0,30.5,38.7,0.0,15.0,1,10.0
691,20230829,3,2,0,30.5,38.0,0.0,11.4,1,10.0
692,20230829,4,2,0,28.9,36.1,0.036,7.1,1,33.2
693,20230829,5,2,0,30.0,37.8,0.0,11.9,1,9.1
694,20230829,6,2,0,29.6,36.4,0.0,8.7,1,10.0
695,20230829,7,2,0,28.0,34.2,0.0,0.6,1,31.0
696,20230829,8,2,0,29.5,35.7,0.0,10.2,1,10.0
697,20230829,9,2,0,29.0,35.3,0.0,6.8,1,10.0
698,20230829,10,2,0,27.0,31.3,0.0,0.6,1,31.1
699,20230829,11,2,0,28.6,34.9,0.0,10.4,1,10.0
700,20230829,12,2,0,28.6,34.9,0.0,9.6,1,10.0
701,20230829,13,2,0,26.5,26.5,0.0,0.7,1,31.1
702,20230829,14,2,0,28.6,34.5,0.0,11.0,1,10.0
703,20230829,15,2,0,28.2,33.2,0.0,10.0,1,10.0
704,20230829,16,2,0,28.2,34.4,0.06,0.9,1,31.1
705,20230829,17,2,0,30.5,37.9,0.0,11.9,1,10.0
706,20230829,18,2,0,31.4,39.4,0.0,11.9,1,10.0
707,20230829,19,2,0,31.6,40.9,0.0,4.3,1,19.1
708,20230829,20,2,0,29.2,36.0,0.0,7.8,1,9.1
709,20230829,21,2,0,30.0,37.8,0.0,13.4,1,8.1
710,20230829,22,2,0,28.7,34.7,0.221,7.4,1,7.5
711,20230829,23,2,0,27.7,32.6,0.0,10.7,1,9.1
712,20230830,0,3,0,26.8,30.4,0.0,20.1,1,9.1
713,20230830,1,3,0,25.5,25.5,0.041,0.8,1,7.8
714,20230830,2,3,0,27.2,31.3,0.0,3.8,1,8.6
715,20230830,3,3,0,27.6,32.3,0.0,4.9,1,9.5
716,20230830,4,3,0,25.5,25.5,0.086,0.7,1,20.2
717,20230830,5,3,0,27.6,32.2,0.0,10.8,1,10.0
718,20230830,6,3,0,27.6,32.0,0.0,19.1,1,10.0
719,20230830,7,3,0,26.2,26.2,0.027,7.4,1,22.6
720,20230830,8,3,0,27.6,31.7,0.0,9.5,1,10.0
721,20230830,9,3,0,27.6,31.4,0.0,14.6,1,10.0
722,20230830,10,3,0,26.0,26.0,0.0,10.7,1,19.6
723,20230830,11,3,0,27.9,31.3,0.0,10.4,1,10.0
724,20230830,12,3,0,27.5,30.5,0.0,14.4,1,10.0
725,20230830,13,3,0,26.1,26.1,0.0,13.6,1,26.7
726,20230830,14,3,0,26.6,26.6,0.0,14.1,1,10.0
727,20230830,15,3,0,26.6,26.6,0.0,18.8,1,10.0
728,20230830,16,3,0,26.8,29.1,0.844,11.0,1,26.7
729,20230830,17,3,0,27.9,30.7,0.0,22.5,1,10.0
730,20230830,18,3,0,28.9,32.1,0.0,19.9,1,10.0
731,20230830,19,3,0,29.9,33.9,0.0,20.9,1,24.8
732,20230830,20,3,0,30.4,34.4,0.0,23.5,1,10.0
733,20230830,21,3,0,30.9,35.6,0.0,23.3,1,10.0
734,20230830,22,3,0,32.0,38.6,0.0,8.0,1,23.7
735,20230830,23,3,0,30.6,35.1,0.0,22.3,1,10.0
736,20230831,0,4,0,31.1,35.7,0.0,20.5,1,10.0
737,20230831,1,4,0,30.0,34.8,0.0,11.2,1,26.6
738,20230831,2,4,0,30.0,34.4,0.0,17.3,1,10.0
739,20230831,3,4,0,29.6,33.7,0.0,16.3,1,10.0
740,20230831,4,4,0,28.4,32.3,0.0,4.8,1,24.6
741,20230831,5,4,0,29.1,32.9,0.0,18.2,1,10.0
742,20230831,6,4,0,28.6,31.6,0.0,21.0,1,10.0
743,20230831,7,4,0,27.2,29.9,0.0,8.4,1,26.6
744,20230831,8,4,0,28.2,31.0,0.0,23.3,1,10.0
745,20230831,9,4,0,27.6,30.1,0.0,18.6,1,10.0
746,20230831,10,4,0,27.1,29.4,0.0,8.2,1,26.8
747,20230831,11,4,0,27.6,30.0,0.0,17.9,1,10.0
748,20230831,12,4,0,27.1,29.3,0.0,19.3,1,10.0
749,20230831,13,4,0,27.1,29.4,0.0,10.7,1,29.0
750,20230831,14,4,0,27.1,29.3,0.0,16.9,1,10.0
751,20230831,15,4,0,27.5,30.0,0.0,17.5,1,10.0
752,20230831,16,4,0,27.4,30.0,0.0,11.1,1,28.9
753,20230831,17,4,0,29.4,33.1,0.0,20.3,1,10.0
754,20230831,18,4,0,29.5,33.3,0.0,17.6,1,10.0
755,20230831,19,4,0,28.3,31.6,0.0,8.1,1,31.0
756,20230831,20,4,0,30.0,34.0,0.0,21.6,1,10.0
757,20230831,21,4,0,30.0,34.0,0.0,18.8,1,10.0
758,20230831,22,4,0,31.1,36.9,0.0,8.4,1,26.6
759,20230831,23,4,0,31.0,36.2,0.0,16.5,1,10.0
760,20230901,0,5,0,30.5,35.1,0.0,16.1,1,10.0
761,20230901,1,5,0,30.8,37.3,0.0,4.3,1,27.3
762,20230901,2,5,0,30.9,36.1,0.0,14.4,1,10.0
763,20230901,3,5,0,28.6,34.4,0.0,15.9,1,7.2
764,20230901,4,5,0,27.8,32.5,0.0,3.1,2,11.9
765,20230901,5,5,0,28.1,32.8,0.0,7.2,2,10.0
766,20230901,6,5,0,28.5,32.2,0.0,18.4,2,10.0
767,20230901,7,5,0,28.1,31.7,0.0,4.8,2,29.0
768,20230901,8,5,0,28.5,32.1,0.0,19.7,2,10.0
769,20230901,9,5,0,28.1,31.1,0.0,18.8,3,18.5
770,20230901,10,5,0,27.4,30.2,0.009,8.0,3,28.9
771,20230901,11,5,0,27.6,30.4,0.0,20.3,3,20.7
772,20230901,12,5,0,27.5,30.0,0.0,23.6,3,18.5
773,20230901,13,5,0,26.9,29.2,0.0,4.8,3,28.9
774,20230901,14,5,0,27.3,29.7,0.0,20.4,3,18.5
775,20230901,15,5,0,27.2,29.5,0.0,19.2,3,17.7
776,20230901,16,5,0,25.7,25.7,0.04,5.2,3,28.0
777,20230901,17,5,0,27.9,30.8,0.0,23.9,3,14.3
778,20230901,18,5,0,28.0,31.2,0.0,24.2,3,13.4
779,20230901,19,5,0,27.2,30.0,0.0,15.2,3,24.5
780,20230901,20,5,0,28.9,32.6,0.0,25.5,3,15.1
781,20230901,21,5,0,28.9,32.5,0.0,29.6,3,12.1
782,20230901,22,5,0,25.7,25.7,0.449,15.7,3,18.7
783,20230901,23,5,0,28.0,31.3,0.0,31.6,3,10.4
784,20230902,0,6,1,27.3,30.1,0.0,34.6,3,7.8
785,20230902,1,6,1,25.4,25.4,0.956,13.5,3,13.3
786,20230902,2,6,1,26.2,26.2,0.0,43.6,3,7.6
787,20230902,3,6,1,26.0,26.0,0.0,48.7,3,8.1
788,20230902,4,6,1,24.9,24.9,7.42,28.6,3,3.7
789,20230902,5,6,1,25.2,25.2,0.0,54.8,3,3.5
790,20230902,6,6,1,25.2,25.2,0.0,55.6,3,3.7
791,20230902,7,6,1,25.4,25.4,4.159,43.7,3,2.9
792,20230902,8,6,1,25.5,25.5,0.0,60.0,3,4.9
793,20230902,9,6,1,25.7,25.7,0.0,52.7,3,6.2
794,20230902,10,6,1,25.4,25.4,2.073,29.6,3,4.3
795,20230902,11,6,1,25.8,25.8,0.0,44.7,3,7.0
796,20230902,12,6,1,26.0,26.0,0.0,37.5,3,7.5
797,20230902,13,6,1,25.4,25.4,0.122,21.8,3,9.0
798,20230902,14,6,1,26.1,26.1,0.0,32.4,3,8.1
799,20230902,15,6,1,26.1,26.1,0.0,37.5,3,6.8
800,20230902,16,6,1,25.4,25.4,107.507,15.9,3,14.9
801,20230902,17,6,1,26.1,26.1,0.0,32.0,3,7.3
802,20230902,18,6,1,26.2,26.2,0.0,32.0,3,6.6
803,20230902,19,6,1,26.2,26.2,0.13,18.3,3,9.7
804,20230902,20,6,1,26.9,30.2,0.0,30.3,3,8.7
805,20230902,21,6,1,27.1,30.8,0.0,19.9,3,8.2
806,20230902,22,6,1,26.2,26.2,0.768,11.5,3,13.5
807,20230902,23,6,1,27.1,31.0,0.0,21.6,3,9.1
808,20230903,0,7,1,27.6,31.8,0.0,30.6,3,17.7
809,20230903,1,7,1,25.8,25.8,0.0,11.9,3,20.9
810,20230903,2,7,1,27.8,31.7,0.0,29.8,3,15.5
811,20230903,3,7,1,27.6,31.5,0.0,22.7,3,14.3
812,20230903,4,7,1,26.6,26.6,0.005,14.2,3,18.8
813,20230903,5,7,1,27.5,31.4,0.0,23.3,3,10.0
814,20230903,6,7,1,27.4,31.6,0.0,18.2,3,10.0
815,20230903,7,7,1,26.6,26.6,0.0,11.7,3,12.8
816,20230903,8,7,1,27.9,32.6,0.0,19.7,3,10.0
817,20230903,9,7,1,27.9,32.3,0.0,15.2,3,10.0
818,20230903,10,7,1,26.7,30.0,0.002,11.5,3,11.2
819,20230903,11,7,1,27.9,32.3,0.0,19.0,3,10.0
820,20230903,12,7,1,27.9,32.6,0.0,16.5,3,10.0
821,20230903,13,7,1,26.2,26.2,0.005,7.7,3,9.0
822,20230903,14,7,1,27.1,30.8,0.0,15.8,3,10.0
823,20230903,15,7,1,27.9,32.6,0.0,16.5,3,10.0
824,20230903,16,7,1,27.6,32.5,34.788,10.5,4,8.7
825,20230903,17,7,1,29.3,34.7,0.0,16.3,4,10.0
826,20230903,18,7,1,30.8,37.2,0.0,18.2,4,10.0
827,20230903,19,7,1,31.4,39.3,0.001,11.3,4,19.0
828,20230903,20,7,1,31.7,38.5,0.0,10.7,4,10.0
829,20230903,21,7,1,31.3,37.9,0.0,13.5,1,10.0
830,20230903,22,7,1,33.2,41.7,0.0,11.1,1,28.9
831,20230903,23,7,1,31.7,38.5,0.0,14.2,1,10.0
832,20230904,0,1,0,31.7,37.8,0.0,7.2,1,10.0
833,20230904,1,1,0,32.1,38.3,0.0,4.1,1,31.1
834,20230904,2,1,0,30.4,35.9,0.0,11.5,1,10.0
835,20230904,3,1,0,29.8,35.1,0.0,9.9,1,9.1
836,20230904,4,1,0,28.4,33.6,0.0,0.3,1,33.2
837,20230904,5,1,0,29.4,34.4,0.0,4.6,1,10.0
838,20230904,6,1,0,28.9,34.0,0.0,7.9,1,10.0
839,20230904,7,1,0,26.7,30.0,0.0,0.8,1,31.1
840,20230904,8,1,0,28.1,32.5,0.0,6.5,1,10.0
841,20230904,9,1,0,28.5,33.7,0.0,6.2,1,10.0
842,20230904,10,1,0,26.5,26.5,0.0,0.3,1,23.6
843,20230904,11,1,0,28.5,33.7,0.0,3.0,1,10.0
844,20230904,12,1,0,28.1,33.2,0.0,6.2,1,10.0
845,20230904,13,1,0,26.3,26.3,0.0,0.9,1,31.1
846,20230904,14,1,0,27.6,31.9,0.0,6.7,1,10.0
847,20230904,15,1,0,28.1,33.7,0.0,8.5,1,10.0
848,20230904,16,1,0,29.3,35.0,0.0,7.0,1,18.1
849,20230904,17,1,0,30.2,37.8,0.0,14.0,1,10.0
850,20230904,18,1,0,31.1,38.1,0.0,13.1,1,10.0
851,20230904,19,1,0,32.3,39.8,0.0,10.7,1,19.3
852,20230904,20,1,0,32.0,38.2,0.0,13.8,1,10.0
853,20230904,21,1,0,32.4,39.6,0.0,15.2,1,9.9
854,20230904,22,1,0,35.4,44.9,0.0,7.5,1,13.6
855,20230904,23,1,0,32.9,41.0,0.0,14.8,1,10.0
856,20230905,0,2,0,32.6,41.1,0.0,14.8,1,10.0
857,20230905,1,2,0,33.6,43.1,0.0,7.6,1,21.2
858,20230905,2,2,0,32.6,40.3,0.0,11.2,1,10.0
859,20230905,3,2,0,31.5,39.2,0.0,12.9,1,10.0
860,20230905,4,2,0,30.2,36.8,0.027,1.0,1,20.7
861,20230905,5,2,0,29.9,37.3,0.0,19.6,1,7.9
862,20230905,6,2,0,30.0,36.9,0.0,5.5,1,10.0
863,20230905,7,2,0,27.5,32.3,0.095,3.6,1,16.0
864,20230905,8,2,0,29.5,35.5,0.0,6.6,1,10.0
865,20230905,9,2,0,29.5,34.7,0.0,6.1,1,10.0
866,20230905,10,2,0,26.8,30.5,0.062,0.7,1,21.3
867,20230905,11,2,0,29.1,34.1,0.0,10.0,1,10.0
868,20230905,12,2,0,29.1,33.2,0.0,13.8,1,10.0
869,20230905,13,2,0,26.7,30.2,0.0,1.0,1,23.0
870,20230905,14,2,0,28.6,32.2,0.0,15.9,1,10.0
871,20230905,15,2,0,28.5,32.3,0.0,17.8,1,10.0
872,20230905,16,2,0,27.5,31.7,0.378,1.4,1,24.2
873,20230905,17,2,0,29.2,33.4,0.0,19.0,1,10.0
874,20230905,18,2,0,30.3,35.1,0.0,21.3,1,10.0
875,20230905,19,2,0,29.9,35.1,0.0,4.7,1,24.1
876,20230905,20,2,0,30.7,35.5,0.0,21.1,1,10.9
877,20230905,21,2,0,31.2,36.3,0.0,16.3,1,12.6
878,20230905,22,2,0,31.1,36.7,0.004,7.9,1,22.1
879,20230905,23,2,0,31.7,36.9,0.0,18.0,1,12.1
880,20230906,0,3,0,31.6,37.0,0.0,19.4,1,12.1
881,20230906,1,3,0,29.6,34.5,0.0,7.8,1,24.1
882,20230906,2,3,0,31.1,35.8,0.0,19.5,1,10.0
883,20230906,3,3,0,30.3,34.8,0.0,12.5,1,14.3
884,20230906,4,3,0,28.0,32.7,0.0,1.1,1,24.5
885,20230906,5,3,0,30.0,34.4,0.0,10.4,1,10.0
886,20230906,6,3,0,28.4,31.9,0.0,0.4,1,24.1
887,20230906,7,3,0,26.8,30.1,0.0,0.7,1,14.7
888,20230906,8,3,0,29.9,34.3,0.0,11.7,1,10.0
889,20230906,9,3,0,29.2,33.7,0.0,12.0,1,13.4
890,20230906,10,3,0,26.8,30.2,0.015,4.4,1,24.0
891,20230906,11,3,0,28.8,33.1,0.0,6.6,1,10.0
892,20230906,12,3,0,28.8,32.8,0.0,11.5,1,10.0
893,20230906,13,3,0,26.7,30.1,0.0,1.2,1,25.1
894,20230906,14,3,0,28.4,32.1,0.0,8.5,1,10.0
895,20230906,15,3,0,29.1,33.8,0.0,8.3,1,10.0
896,20230906,16,3,0,28.6,32.8,0.02,7.2,1,23.8
897,20230906,17,3,0,29.6,35.2,0.0,7.8,1,10.0
898,20230906,18,3,0,31.1,36.4,0.0,9.1,1,10.0
899,20230906,19,3,0,30.2,35.9,0.0,3.7,1,20.7
900,20230906,20,3,0,31.9,38.8,0.0,11.7,1,10.0
901,20230906,21,3,0,31.5,37.6,0.0,14.6,1,9.9
902,20230906,22,3,0,31.8,39.4,0.0,4.4,1,24.3
903,20230906,23,3,0,31.5,37.1,0.0,12.5,1,9.8
904,20230907,0,4,0,30.9,36.8,0.0,15.3,1,9.9
905,20230907,1,4,0,29.0,35.1,0.0,7.8,1,24.7
906,20230907,2,4,0,30.0,36.0,0.0,13.3,1,10.0
907,20230907,3,4,0,29.5,35.1,0.0,12.7,1,10.0
908,20230907,4,4,0,27.8,32.4,0.002,4.0,1,30.7
909,20230907,5,4,0,28.9,34.2,0.0,9.6,1,10.0
910,20230907,6,4,0,28.9,34.2,0.0,8.3,1,10.0
911,20230907,7,4,0,27.3,31.7,0.0,3.7,1,29.9
912,20230907,8,4,0,28.9,34.2,0.0,7.9,1,10.0
913,20230907,9,4,0,28.5,33.6,0.0,9.7,1,10.0
914,20230907,10,4,0,27.0,30.9,0.001,1.0,1,28.3
915,20230907,11,4,0,27.5,31.6,0.0,5.7,1,10.0
916,20230907,12,4,0,27.6,31.9,0.0,5.7,1,10.0
917,20230907,13,4,0,26.2,26.2,0.0,0.7,1,17.8
918,20230907,14,4,0,27.6,32.0,0.0,5.7,1,10.0
919,20230907,15,4,0,27.2,31.0,0.0,7.2,1,10.0
920,20230907,16,4,0,26.4,26.4,0.249,0.4,1,11.9
921,20230907,17,4,0,27.6,32.2,0.0,9.3,1,8.6
922,20230907,18,4,0,27.1,31.2,0.0,9.6,1,8.1
923,20230907,19,4,0,27.2,32.1,0.522,0.7,1,12.6
924,20230907,20,4,0,28.0,33.2,0.0,10.8,1,9.1
925,20230907,21,4,0,27.5,32.2,0.0,9.1,1,7.2
926,20230907,22,4,0,27.1,31.1,0.002,10.4,1,21.6
927,20230907,23,4,0,28.5,33.8,0.0,8.3,1,8.6
928,20230908,0,5,0,28.0,32.7,0.0,12.9,1,8.5
929,20230908,1,5,0,26.8,30.7,3.565,7.1,1,10.8
930,20230908,2,5,0,27.1,31.4,0.0,5.0,1,4.1
931,20230908,3,5,0,27.5,32.4,0.0,5.3,1,9.5
932,20230908,4,5,0,26.2,26.2,0.273,10.6,1,2.7
933,20230908,5,5,0,26.5,26.5,0.0,9.4,1,10.0
934,20230908,6,5,0,26.1,26.1,0.0,24.5,1,3.5
935,20230908,7,5,0,25.5,25.5,15.756,4.3,1,5.0
936,20230908,8,5,0,25.6,25.6,0.0,23.7,1,4.8
937,20230908,9,5,0,26.1,26.1,0.0,20.8,1,6.8
938,20230908,10,5,0,25.2,25.2,16.019,11.0,1,6.1
939,20230908,11,5,0,26.1,26.1,0.0,20.3,1,8.1
940,20230908,12,5,0,26.1,26.1,0.0,21.6,1,9.2
941,20230908,13,5,0,25.4,25.4,0.659,13.7,1,3.8
942,20230908,14,5,0,25.9,25.9,0.0,20.1,1,6.6
943,20230908,15,5,0,25.9,25.9,0.0,21.0,1,5.2
944,20230908,16,5,0,25.2,25.2,10.141,17.1,1,3.8
945,20230908,17,5,0,25.9,25.9,0.0,19.1,1,3.4
946,20230908,18,5,0,25.9,25.9,0.0,19.3,1,7.6
947,20230908,19,5,0,25.1,25.1,1.399,10.6,1,2.8
948,20230908,20,5,0,25.9,25.9,0.0,18.8,1,4.9
949,20230908,21,5,0,25.8,25.8,0.0,13.1,1,8.5
950,20230908,22,5,0,25.0,25.0,1.219,4.0,1,10.3
951,20230908,23,5,0,26.1,26.1,0.0,14.8,1,8.9
952,20230909,0,6,1,25.9,25.9,0.0,13.5,1,9.8
953,20230909,1,6,1,25.6,25.6,0.041,7.3,1,15.9
954,20230909,2,6,1,26.9,30.1,0.0,16.5,1,10.0
955,20230909,3,6,1,26.9,30.1,0.0,16.3,1,10.0
956,20230909,4,6,1,25.7,25.7,0.0,7.0,1,25.3
957,20230909,5,6,1,26.5,26.5,0.0,20.3,1,10.0
958,20230909,6,6,1,26.6,26.6,0.0,17.1,1,10.0
959,20230909,7,6,1,25.8,25.8,0.001,10.9,1,30.3
960,20230909,8,6,1,26.5,26.5,0.0,15.0,1,10.0
961,20230909,9,6,1,26.5,26.5,0.0,17.3,1,10.0
962,20230909,10,6,1,25.6,25.6,0.009,10.4,1,29.6
963,20230909,11,6,1,26.5,26.5,0.0,13.5,1,10.0
964,20230909,12,6,1,26.5,26.5,0.0,12.3,1,10.0
965,20230909,13,6,1,25.8,25.8,0.0,7.6,1,30.0
966,20230909,14,6,1,26.3,26.3,0.0,15.0,1,10.0
967,20230909,15,6,1,26.4,26.4,0.0,15.4,1,10.0
968,20230909,16,6,1,26.1,26.1,57.976,7.4,1,22.0
969,20230909,17,6,1,27.4,31.0,0.0,13.6,1,10.0
970,20230909,18,6,1,27.4,31.0,0.0,19.1,1,10.0
971,20230909,19,6,1,26.2,26.2,0.0,10.8,1,23.2
972,20230909,20,6,1,27.4,31.6,0.0,20.7,1,10.0
973,20230909,21,6,1,27.9,32.5,0.0,18.8,1,9.8
974,20230909,22,6,1,26.3,26.3,0.079,10.6,1,13.8
975,20230909,23,6,1,26.5,26.5,0.0,17.8,1,7.3
976,20230910,0,7,1,26.9,30.3,0.0,21.4,1,10.0
977,20230910,1,7,1,26.7,29.8,0.106,13.7,1,31.1
978,20230910,2,7,1,27.4,30.9,0.0,17.2,1,10.0
979,20230910,3,7,1,26.9,30.0,0.0,16.7,1,10.0
980,20230910,4,7,1,25.9,25.9,0.296,10.4,1,28.9
981,20230910,5,7,1,26.9,30.0,0.0,17.6,1,10.0
982,20230910,6,7,1,26.9,30.1,0.0,19.7,1,10.0
983,20230910,7,7,1,26.0,26.0,0.001,10.6,1,31.1
984,20230910,8,7,1,27.1,30.3,0.0,19.9,1,10.0
985,20230910,9,7,1,27.1,30.3,0.0,18.4,1,10.0
986,20230910,10,7,1,26.0,26.0,0.018,14.0,1,24.5
987,20230910,11,7,1,26.5,26.5,0.0,21.6,1,9.6
988,20230910,12,7,1,26.5,26.5,0.0,14.8,1,10.0
989,20230910,13,7,1,24.9,24.9,0.446,13.8,1,27.3
990,20230910,14,7,1,26.3,26.3,0.0,21.6,1,9.7
991,20230910,15,7,1,26.0,26.0,0.0,17.8,1,5.9
992,20230910,16,7,1,24.6,24.6,14.665,10.4,1,18.6
993,20230910,17,7,1,26.1,26.1,0.0,17.1,1,10.0
994,20230910,18,7,1,26.1,26.1,0.0,18.2,1,10.0
995,20230910,19,7,1,27.3,31.1,0.06,7.4,1,23.9
996,20230910,20,7,1,26.9,29.9,0.0,18.2,1,9.5
997,20230910,21,7,1,26.4,26.4,0.0,19.1,1,6.7
998,20230910,22,7,1,26.3,26.3,0.4,10.3,1,21.3
999,20230910,23,7,1,26.5,26.5,0.0,16.6,1,10.0
1000,20230911,0,1,0,26.4,26.4,0.0,13.1,1,10.0
1001,20230911,1,1,0,25.3,25.3,0.027,10.6,1,31.1
1002,20230911,2,1,0,26.5,26.5,0.0,15.7,1,10.0
1003,20230911,3,1,0,26.5,26.5,0.0,12.9,1,10.0
1004,20230911,4,1,0,25.2,25.2,0.0,4.3,1,31.1
1005,20230911,5,1,0,26.5,26.5,0.0,15.0,1,10.0
1006,20230911,6,1,0,26.5,26.5,0.0,16.3,1,10.0
1007,20230911,7,1,0,25.2,25.2,0.0,7.6,1,31.1
1008,20230911,8,1,0,26.4,26.4,0.0,17.0,1,10.0
1009,20230911,9,1,0,26.4,26.4,0.0,17.5,1,10.0
1010,20230911,10,1,0,25.7,25.7,0.001,10.8,1,31.0
1011,20230911,11,1,0,26.4,26.4,0.0,10.3,1,10.0
1012,20230911,12,1,0,26.4,26.4,0.0,11.7,1,10.0
1013,20230911,13,1,0,25.0,25.0,0.0,7.3,1,26.3
1014,20230911,14,1,0,26.0,26.0,0.0,11.5,1,10.0
1015,20230911,15,1,0,26.9,29.9,0.0,10.5,1,10.0
1016,20230911,16,1,0,25.7,25.7,1.522,10.2,1,30.9
1017,20230911,17,1,0,28.4,33.2,0.0,13.6,1,10.0
1018,20230911,18,1,0,29.3,35.2,0.0,15.4,1,10.0
1019,20230911,19,1,0,29.2,35.6,0.0,14.1,1,26.8
1020,20230911,20,1,0,28.8,34.8,0.0,13.5,1,9.6
1021,20230911,21,1,0,29.6,35.7,0.0,18.8,1,9.7
1022,20230911,22,1,0,27.3,31.9,0.056,10.5,1,17.9
1023,20230911,23,1,0,28.9,34.9,0.0,16.4,1,8.6
1024,20230912,0,2,0,28.3,33.7,0.0,16.6,1,9.7
1025,20230912,1,2,0,27.0,30.6,0.0,7.8,1,16.9
1026,20230912,2,2,0,27.8,32.4,0.0,16.0,1,10.0
1027,20230912,3,2,0,27.4,31.1,0.0,19.6,1,10.0
1028,20230912,4,2,0,25.9,25.9,0.09,7.6,1,28.5
1029,20230912,5,2,0,27.4,30.9,0.0,14.2,1,10.0
1030,20230912,6,2,0,27.4,30.9,0.0,14.2,1,10.0
1031,20230912,7,2,0,25.9,25.9,0.0,7.6,1,31.1
1032,20230912,8,2,0,26.9,30.2,0.0,11.7,1,10.0
1033,20230912,9,2,0,26.9,30.2,0.0,10.7,1,10.0
1034,20230912,10,2,0,26.2,26.2,0.0,7.2,1,31.1
1035,20230912,11,2,0,26.9,29.9,0.0,11.7,1,10.0
1036,20230912,12,2,0,26.5,26.5,0.0,12.7,1,10.0
1037,20230912,13,2,0,25.2,25.2,0.0,1.0,1,30.2
1038,20230912,14,2,0,26.0,26.0,0.0,9.2,1,10.0
1039,20230912,15,2,0,26.9,30.0,0.0,9.2,1,10.0
1040,20230912,16,2,0,27.2,31.1,4.354,7.0,1,31.1
1041,20230912,17,2,0,29.3,35.1,0.0,11.8,1,10.0
1042,20230912,18,2,0,29.8,36.0,0.0,13.2,1,10.0
1043,20230912,19,2,0,29.9,36.9,0.0,13.8,1,31.1
1044,20230912,20,2,0,30.3,36.3,0.0,10.4,1,10.0
1045,20230912,21,2,0,30.4,36.9,0.0,11.8,1,10.0
1046,20230912,22,2,0,30.1,37.9,0.0,7.5,1,33.2
1047,20230912,23,2,0,30.4,37.5,0.0,18.8,1,10.0
1048,20230913,0,3,0,29.8,36.0,0.0,15.6,1,10.0
1049,20230913,1,3,0,25.9,25.9,0.041,7.8,1,29.0
1050,20230913,2,3,0,28.8,33.9,0.0,16.2,1,10.0
1051,20230913,3,3,0,28.4,33.1,0.0,15.3,1,10.0
1052,20230913,4,3,0,25.9,25.9,0.0,7.2,1,21.7
1053,20230913,5,3,0,27.9,31.9,0.0,15.0,1,10.0
1054,20230913,6,3,0,27.0,30.2,0.0,14.3,1,10.0
1055,20230913,7,3,0,25.9,25.9,0.0,4.3,1,35.4
1056,20230913,8,3,0,27.0,30.2,0.0,17.2,1,10.0
1057,20230913,9,3,0,27.0,30.2,0.0,13.6,1,10.0
1058,20230913,10,3,0,26.2,26.2,0.0,7.2,1,31.1
1059,20230913,11,3,0,27.3,30.8,0.0,10.4,1,10.0
1060,20230913,12,3,0,27.4,31.3,0.0,11.1,1,10.0
1061,20230913,13,3,0,26.4,26.4,0.0,4.2,1,18.9
1062,20230913,14,3,0,27.0,30.5,0.1,11.7,1,10.0
1063,20230913,15,3,0,27.8,32.4,0.1,14.0,1,10.0
1064,20230913,16,3,0,28.4,33.5,0.3,12.2,1,10.0
1065,20230913,17,3,0,29.3,35.1,0.0,12.6,1,10.0
1066,20230913,18,3,0,29.3,35.7,0.1,15.5,1,10.0
1067,20230913,19,3,0,29.8,36.7,0.2,14.6,1,10.0
1068,20230913,20,3,0,30.3,38.0,0.0,14.6,1,9.1
1069,20230913,21,3,0,30.3,36.9,0.2,16.1,1,10.0
1070,20230913,22,3,0,30.3,36.2,0.2,12.0,1,10.0
1071,20230913,23,3,0,29.9,36.1,0.0,11.4,1,10.0
1072,20230914,0,4,0,29.8,36.7,0.2,13.6,1,10.0
1073,20230914,1,4,0,30.2,36.7,0.0,19.4,1,10.0
1074,20230914,2,4,0,29.7,35.9,0.0,17.0,1,10.0
1075,20230914,3,4,0,28.8,34.3,0.0,16.2,1,10.0
1076,20230914,4,4,0,28.7,34.1,0.0,17.8,1,10.0
1077,20230914,5,4,0,28.0,32.6,0.0,13.6,1,10.0
1078,20230914,6,4,0,27.8,32.4,0.0,14.6,1,10.0
1079,20230914,7,4,0,28.0,32.6,0.0,11.5,1,10.0
1080,20230914,8,4,0,27.8,32.4,0.0,14.6,1,10.0
1081,20230914,9,4,0,27.8,32.4,0.0,12.2,1,10.0
1082,20230914,10,4,0,27.4,31.5,0.1,10.9,1,7.7
1083,20230914,11,4,0,27.4,31.5,0.3,5.8,1,9.1
1084,20230914,12,4,0,26.5,26.5,0.5,8.8,1,7.3
1085,20230914,13,4,0,26.5,26.5,1.0,7.4,1,7.8
1086,20230914,14,4,0,26.1,26.1,1.2,11.8,1,10.0
1087,20230914,15,4,0,26.5,26.5,0.6,9.4,1,9.1
1088,20230914,16,4,0,26.5,26.5,0.2,10.2,1,10.0
1089,20230914,17,4,0,26.9,30.7,0.0,9.2,1,6.8
1090,20230914,18,4,0,26.5,26.5,0.4,13.6,1,7.1
1091,20230914,19,4,0,27.1,30.8,0.1,16.0,1,9.8
1092,20230914,20,4,0,26.8,30.3,0.8,12.4,1,9.2
1093,20230914,21,4,0,28.3,33.3,1.4,11.2,1,10.0
1094,20230914,22,4,0,28.2,33.1,0.4,14.1,1,9.6
1095,20230914,23,4,0,28.6,34.0,0.0,9.6,1,9.6
1096,20230915,0,5,0,28.7,34.6,1.2,10.1,1,10.0
1097,20230915,1,5,0,28.7,34.1,0.5,9.9,1,10.0
1098,20230915,2,5,0,28.6,34.3,0.0,9.6,1,10.0
1099,20230915,3,5,0,27.7,32.5,0.9,7.5,1,10.0
1100,20230915,4,5,0,27.7,32.5,0.8,13.1,1,9.9
1101,20230915,5,5,0,26.4,26.4,0.0,14.8,1,7.2
1102,20230915,6,5,0,26.4,26.4,0.0,4.2,1,10.0
1103,20230915,7,5,0,26.4,26.4,0.1,6.6,1,10.0
1104,20230915,8,5,0,26.5,26.5,0.0,9.2,1,10.0
1105,20230915,9,5,0,27.0,30.5,0.1,7.9,1,10.0
1106,20230915,10,5,0,27.0,30.3,0.1,8.2,1,10.0
1107,20230915,11,5,0,27.0,30.3,0.1,9.6,1,10.0
1108,20230915,12,5,0,27.0,30.3,0.1,8.9,1,10.0
1109,20230915,13,5,0,27.0,30.3,0.2,12.2,1,10.0
1110,20230915,14,5,0,27.0,30.3,0.1,7.6,1,10.0
1111,20230915,15,5,0,27.4,31.5,0.2,8.4,1,10.0
1112,20230915,16,5,0,28.4,33.9,0.0,8.4,1,10.0
1113,20230915,17,5,0,29.4,35.9,0.0,10.4,1,10.0
1114,20230915,18,5,0,28.4,32.2,0.0,6.5,1,24.1
1115,20230915,19,5,0,29.6,33.9,0.0,5.4,1,24.1
1116,20230915,20,5,0,29.7,34.0,0.5,8.6,1,23.8
1117,20230915,21,5,0,29.7,33.9,0.4,9.7,1,21.9
1118,20230915,22,5,0,30.1,34.3,0.2,12.2,1,24.1
1119,20230915,23,5,0,30.2,34.5,0.1,12.6,1,24.1
1120,20230916,0,6,1,29.9,34.1,0.0,14.0,1,24.1
1121,20230916,1,6,1,29.3,33.4,0.3,14.4,1,20.6
1122,20230916,2,6,1,28.2,31.8,0.5,13.3,1,9.2
1123,20230916,3,6,1,27.0,29.9,1.0,10.8,1,7.1
1124,20230916,4,6,1,26.7,26.7,1.2,11.2,1,7.7
1125,20230916,5,6,1,26.5,26.5,0.8,10.8,1,13.1
1126,20230916,6,6,1,26.4,26.4,1.0,10.4,1,12.2
1127,20230916,7,6,1,26.3,26.3,1.2,9.4,1,6.5
1128,20230916,8,6,1,26.1,26.1,1.1,8.3,1,7.2
1129,20230916,9,6,1,25.9,25.9,1.3,7.2,1,8.1
1130,20230916,10,6,1,25.4,25.4,3.1,9.0,1,5.0
1131,20230916,11,6,1,25.0,25.0,4.4,10.4,1,8.0
1132,20230916,12,6,1,25.0,25.0,1.7,11.9,1,12.4
1133,20230916,13,6,1,25.0,25.0,0.5,10.1,1,24.1
1134,20230916,14,6,1,25.1,25.1,0.0,8.6,1,24.1
1135,20230916,15,6,1,25.2,25.2,0.1,8.3,1,24.1
1136,20230916,16,6,1,25.3,25.3,0.1,8.6,1,24.1
1137,20230916,17,6,1,25.3,25.3,0.0,9.0,1,24.1
1138,20230916,18,6,1,25.5,25.5,0.0,10.1,1,24.1
1139,20230916,19,6,1,25.9,25.9,0.0,9.4,1,24.1
1140,20230916,20,6,1,26.3,26.3,0.0,8.6,1,24.1
1141,20230916,21,6,1,26.9,29.6,0.0,7.9,1,24.1
1142,20230916,22,6,1,27.8,31.1,0.0,9.0,1,24.1
1143,20230916,23,6,1,28.6,32.2,0.0,9.4,1,24.1
1144,20230917,0,7,1,28.4,31.9,0.0,10.4,1,24.1
1145,20230917,1,7,1,27.8,31.1,0.0,9.4,1,24.1
1146,20230917,2,7,1,27.2,30.1,0.0,10.1,1,24.1
1147,20230917,3,7,1,26.6,26.6,0.0,11.9,1,24.1
1148,20230917,4,7,1,26.2,26.2,0.0,10.8,1,24.1
1149,20230917,5,7,1,26.1,26.1,0.0,10.1,1,24.1
1150,20230917,6,7,1,26.0,26.0,0.0,9.4,1,24.1
1151,20230917,7,7,1,25.8,25.8,0.0,8.6,1,24.1
1152,20230917,8,7,1,25.7,25.7,0.0,8.6,1,24.1
1153,20230917,9,7,1,25.6,25.6,0.0,9.0,1,24.1
1154,20230917,10,7,1,25.5,25.5,0.0,8.6,1,24.1
1155,20230917,11,7,1,25.5,25.5,0.0,7.9,1,24.1
1156,20230917,12,7,1,25.4,25.4,0.0,7.6,1,24.1
1157,20230917,13,7,1,25.3,25.3,0.0,7.9,1,24.1
1158,20230917,14,7,1,25.3,25.3,0.0,8.3,1,24.1
1159,20230917,15,7,1,25.5,25.5,0.0,7.9,1,24.1
1160,20230917,16,7,1,26.6,26.6,0.0,8.6,1,24.1
1161,20230917,17,7,1,27.9,31.4,0.0,7.6,1,24.1
1162,20230917,18,7,1,29.0,33.2,0.1,5.0,1,24.1
1163,20230917,19,7,1,29.7,34.2,0.1,6.5,1,24.1
1164,20230917,20,7,1,29.8,34.4,0.1,10.8,1,12.9
1165,20230917,21,7,1,29.0,33.6,1.0,11.2,1,21.9
1166,20230917,22,7,1,29.6,34.7,0.2,10.8,1,24.1
1167,20230917,23,7,1,29.7,34.7,0.4,11.2,1,24.1
1168,20230918,0,1,0,29.6,34.4,0.3,10.4,1,24.1
1169,20230918,1,1,0,29.5,34.1,0.0,10.8,1,24.1
1170,20230918,2,1,0,28.8,33.2,0.0,12.2,1,24.1
1171,20230918,3,1,0,27.8,31.4,0.0,13.7,1,24.1
1172,20230918,4,1,0,27.3,30.4,0.0,10.8,1,24.1
1173,20230918,5,1,0,27.0,29.9,0.0,9.7,1,24.1
1174,20230918,6,1,0,26.8,29.5,0.0,9.0,1,24.1
1175,20230918,7,1,0,26.6,26.6,0.0,9.0,1,24.1
1176,20230918,8,1,0,26.5,26.5,0.1,7.9,1,14.7
1177,20230918,9,1,0,26.4,26.4,0.2,7.2,1,24.1
1178,20230918,10,1,0,26.1,26.1,0.0,7.2,1,24.1
1179,20230918,11,1,0,26.0,26.0,0.0,7.6,1,24.1
1180,20230918,12,1,0,25.8,25.8,0.0,7.2,1,24.1
1181,20230918,13,1,0,25.8,25.8,0.0,6.8,1,24.1
1182,20230918,14,1,0,25.7,25.7,0.0,7.9,1,24.1
1183,20230918,15,1,0,25.9,25.9,0.0,7.2,1,24.1
1184,20230918,16,1,0,27.0,29.9,0.0,7.6,1,24.1
1185,20230918,17,1,0,28.1,31.6,0.0,7.6,1,24.1
1186,20230918,18,1,0,29.2,33.3,0.0,6.8,1,24.1
1187,20230918,19,1,0,30.0,34.2,0.0,9.0,1,24.1
1188,20230918,20,1,0,30.3,34.6,0.1,10.8,1,24.1
1189,20230918,21,1,0,29.9,34.1,0.0,12.2,1,24.1
1190,20230918,22,1,0,30.3,34.4,0.1,13.0,1,24.1
1191,20230918,23,1,0,30.4,34.6,0.0,15.1,1,24.1
1192,20230919,0,2,0,29.9,33.8,0.0,15.1,1,24.1
1193,20230919,1,2,0,29.5,33.3,0.0,14.4,1,24.1
1194,20230919,2,2,0,28.9,32.6,0.0,13.3,1,24.1
1195,20230919,3,2,0,28.1,31.4,0.0,11.9,1,24.1
1196,20230919,4,2,0,27.6,30.7,0.0,10.4,1,24.1
1197,20230919,5,2,0,27.2,30.1,0.0,8.6,1,24.1
1198,20230919,6,2,0,27.0,29.8,0.0,7.9,1,24.1
1199,20230919,7,2,0,26.7,26.7,0.0,7.6,1,24.1
1200,20230919,8,2,0,26.5,26.5,0.0,7.6,1,24.1
1201,20230919,9,2,0,26.4,26.4,0.0,6.8,1,24.1
1202,20230919,10,2,0,26.2,26.2,0.0,6.5,1,24.1
1203,20230919,11,2,0,26.1,26.1,0.0,6.8,1,24.1
1204,20230919,12,2,0,25.9,25.9,0.0,7.2,1,24.1
1205,20230919,13,2,0,25.8,25.8,0.0,7.2,1,24.1
1206,20230919,14,2,0,25.7,25.7,0.0,6.8,1,24.1
1207,20230919,15,2,0,26.0,26.0,0.0,6.8,1,24.1
1208,20230919,16,2,0,27.0,29.6,0.0,6.5,1,24.1
1209,20230919,17,2,0,28.0,31.0,0.0,5.8,1,24.1
1210,20230919,18,2,0,29.0,32.4,0.0,5.8,1,24.1
1211,20230919,19,2,0,29.6,33.2,0.0,7.9,1,24.1
1212,20230919,20,2,0,29.9,33.7,0.0,11.2,1,24.1
1213,20230919,21,2,0,29.3,33.1,0.0,14.0,1,24.1
1214,20230919,22,2,0,29.5,33.5,0.0,13.3,1,24.1
1215,20230919,23,2,0,29.7,33.7,0.0,13.7,1,24.1
1216,20230920,0,3,0,29.4,33.3,0.0,13.3,1,24.1
1217,20230920,1,3,0,29.2,33.1,0.1,13.0,1,24.1
1218,20230920,2,3,0,28.7,32.4,0.0,11.5,1,24.1
1219,20230920,3,3,0,28.2,31.6,0.0,11.5,1,24.1
1220,20230920,4,3,0,27.6,30.6,0.0,10.8,1,24.1
1221,20230920,5,3,0,27.3,30.1,0.0,10.1,1,24.1
1222,20230920,6,3,0,27.0,29.7,0.0,9.4,1,24.1
1223,20230920,7,3,0,26.7,26.7,0.0,8.6,1,24.1
1224,20230920,8,3,0,26.5,26.5,0.0,7.7,1,24.1
1225,20230920,9,3,0,26.3,26.3,0.0,6.7,1,24.1
1226,20230920,10,3,0,26.2,26.2,0.0,5.8,1,24.1
1227,20230920,11,3,0,26.0,26.0,0.0,5.3,1,24.1
1228,20230920,12,3,0,25.8,25.8,0.0,4.8,1,24.1
1229,20230920,13,3,0,25.7,25.7,0.0,4.3,1,24.1
1230,20230920,14,3,0,26.1,26.1,0.0,4.3,1,24.1
1231,20230920,15,3,0,26.5,26.5,0.0,4.3,1,24.1
1232,20230920,16,3,0,26.9,29.3,0.0,4.3,1,24.1
1233,20230920,17,3,0,27.7,30.7,0.0,5.2,1,24.1
1234,20230920,18,3,0,28.6,31.8,0.0,6.0,1,24.1
1235,20230920,19,3,0,29.5,32.9,0.0,6.8,1,24.1
1236,20230920,20,3,0,29.4,33.0,0.0,10.1,1,24.1
1237,20230920,21,3,0,29.3,33.0,0.0,13.3,1,24.1
1238,20230920,22,3,0,29.3,33.1,0.0,16.6,1,24.1
1239,20230920,23,3,0,29.1,32.9,0.0,16.3,1,24.1
1240,20230921,0,4,0,28.9,32.7,0.0,16.1,1,24.1
1241,20230921,1,4,0,28.7,32.5,0.0,15.8,1,24.1
1242,20230921,2,4,0,28.2,31.9,0.0,14.6,1,24.1
1243,20230921,3,4,0,27.8,31.2,0.0,13.4,1,24.1
1244,20230921,4,4,0,27.4,30.5,0.0,12.2,1,24.1
1245,20230921,5,4,0,27.2,30.2,0.0,11.3,1,24.1
1246,20230921,6,4,0,27.1,30.0,0.0,10.3,1,24.1
1247,20230921,7,4,0,27.0,29.8,0.0,9.4,1,24.1
1248,20230921,8,4,0,26.8,29.4,0.0,8.5,1,24.1
1249,20230921,9,4,0,26.6,26.6,0.0,7.7,1,24.1
1250,20230921,10,4,0,26.4,26.4,0.0,6.8,1,24.1
1251,20230921,11,4,0,26.3,26.3,0.0,5.8,1,24.1
1252,20230921,12,4,0,26.2,26.2,0.0,4.7,1,24.1
1253,20230921,13,4,0,26.1,26.1,0.0,3.6,1,24.1
1254,20230921,14,4,0,26.4,26.4,0.0,4.1,1,24.1
1255,20230921,15,4,0,26.7,26.7,0.0,4.6,1,24.1
1256,20230921,16,4,0,27.0,29.4,0.0,5.0,1,24.1
1257,20230921,17,4,0,28.1,31.0,0.0,4.1,1,24.1
1258,20230921,18,4,0,29.3,32.4,0.0,3.1,1,24.1
1259,20230921,19,4,0,30.5,33.6,0.0,2.2,1,24.1
1260,20230921,20,4,0,30.3,33.6,0.0,7.1,1,24.1
1261,20230921,21,4,0,30.1,33.5,0.0,12.0,1,24.1
1262,20230921,22,4,0,30.0,33.5,0.0,16.9,1,24.1
1263,20230921,23,4,0,29.5,33.1,0.0,16.6,1,24.1
1264,20230922,0,5,0,29.1,32.6,0.0,16.2,1,24.1
1265,20230922,1,5,0,28.7,32.1,0.0,15.8,1,24.1
1266,20230922,2,5,0,28.3,31.6,0.0,13.9,1,24.1
1267,20230922,3,5,0,28.0,31.1,0.0,12.0,1,24.1
1268,20230922,4,5,0,27.7,30.6,0.0,10.1,1,24.1
1269,20230922,5,5,0,27.5,30.2,0.0,9.2,1,24.1
1270,20230922,6,5,0,27.3,29.9,0.0,8.4,1,24.1
1271,20230922,7,5,0,27.2,29.6,0.0,7.6,1,24.1
1272,20230922,8,5,0,27.0,29.2,0.0,6.5,1,24.1
1273,20230922,9,5,0,26.8,28.7,0.0,5.4,1,24.1
1274,20230922,10,5,0,26.6,26.6,0.0,4.3,1,24.1
1275,20230922,11,5,0,26.5,26.5,0.0,4.3,1,24.1
1276,20230922,12,5,0,26.4,26.4,0.0,4.3,1,24.1
1277,20230922,13,5,0,26.4,26.4,0.0,4.3,1,24.1
1278,20230922,14,5,0,26.7,28.7,0.0,4.9,1,24.1
1279,20230922,15,5,0,27.1,29.4,0.0,5.5,1,24.1
1280,20230922,16,5,0,27.5,30.0,0.0,6.1,1,24.1
1281,20230922,17,5,0,28.5,31.7,0.0,4.6,1,24.1
1282,20230922,18,5,0,29.6,33.2,0.0,3.0,1,24.1
1283,20230922,19,5,0,30.7,34.7,0.1,1.4,1,24.1
1284,20230922,20,5,0,30.3,34.1,0.0,6.5,1,24.1
1285,20230922,21,5,0,29.9,33.6,0.0,11.5,1,24.1
1286,20230922,22,5,0,29.6,33.0,0.1,16.6,1,24.1
1287,20230922,23,5,0,29.4,32.8,0.0,15.4,1,24.1
1288,20230923,0,6,1,29.3,32.6,0.0,14.2,1,24.1
1289,20230923,1,6,1,29.2,32.5,0.1,13.0,1,24.1
1290,20230923,2,6,1,28.8,32.1,0.0,12.4,1,24.1
1291,20230923,3,6,1,28.5,31.8,0.0,11.8,1,24.1
1292,20230923,4,6,1,28.2,31.5,0.1,11.2,1,24.1
1293,20230923,5,6,1,27.8,30.7,0.0,10.8,1,24.1
1294,20230923,6,6,1,27.4,30.0,0.0,10.4,1,24.1
1295,20230923,7,6,1,27.1,29.3,0.0,10.1,1,24.1
1296,20230923,8,6,1,26.8,28.9,0.0,9.6,1,24.1
1297,20230923,9,6,1,26.6,26.6,0.0,9.1,1,24.1
1298,20230923,10,6,1,26.4,26.4,0.0,8.6,1,24.1
1299,20230923,11,6,1,26.2,26.2,0.0,8.6,1,24.1
1300,20230923,12,6,1,26.0,26.0,0.0,8.6,1,24.1
1301,20230923,13,6,1,25.9,25.9,0.0,8.6,1,24.1
1302,20230923,14,6,1,26.2,26.2,0.0,8.6,1,24.1
1303,20230923,15,6,1,26.5,26.5,0.0,8.6,1,24.1
1304,20230923,16,6,1,26.9,28.7,0.0,8.6,1,24.1
1305,20230923,17,6,1,27.9,30.1,0.0,8.2,1,24.1
1306,20230923,18,6,1,28.9,31.4,0.0,7.7,1,24.1
1307,20230923,19,6,1,29.9,32.7,0.0,7.2,1,24.1
1308,20230923,20,6,1,30.2,33.1,0.0,9.8,1,24.1
1309,20230923,21,6,1,30.4,33.5,0.0,12.5,1,24.1
1310,20230923,22,6,1,30.8,33.9,0.0,15.1,1,24.1
1311,20230923,23,6,1,30.3,33.4,0.0,14.9,1,24.1
1312,20230924,0,7,1,29.9,32.9,0.0,14.6,1,24.1
1313,20230924,1,7,1,29.5,32.4,0.0,14.4,1,24.1
1314,20230924,2,7,1,28.6,31.5,0.0,13.4,1,24.1
1315,20230924,3,7,1,27.8,30.4,0.0,12.5,1,24.1
1316,20230924,4,7,1,27.0,29.3,0.0,11.5,1,24.1
1317,20230924,5,7,1,26.8,29.1,0.0,10.7,1,24.1
1318,20230924,6,7,1,26.6,26.6,0.0,9.8,1,24.1
1319,20230924,7,7,1,26.5,26.5,0.0,9.0,1,24.1
1320,20230924,8,7,1,26.4,26.4,0.0,7.8,1,24.1
1321,20230924,9,7,1,26.3,26.3,0.0,6.6,1,24.1
1322,20230924,10,7,1,26.2,26.2,0.0,5.4,1,24.1
1323,20230924,11,7,1,26.1,26.1,0.0,5.6,1,24.1
1324,20230924,12,7,1,26.0,26.0,0.0,5.9,1,24.1
1325,20230924,13,7,1,26.0,26.0,0.0,6.1,1,24.1
1326,20230924,14,7,1,26.4,26.4,0.0,5.9,1,24.1
1327,20230924,15,7,1,26.8,28.9,0.0,5.6,1,24.1
1328,20230924,16,7,1,27.2,29.5,0.0,5.4,1,24.1
1329,20230924,17,7,1,28.2,30.9,0.0,5.2,1,24.1
1330,20230924,18,7,1,29.2,32.3,0.0,4.9,1,24.1
1331,20230924,19,7,1,30.2,33.6,0.0,4.7,1,24.1
1332,20230924,20,7,1,29.9,33.4,0.0,7.2,1,24.1
1333,20230924,21,7,1,29.6,33.2,0.0,9.7,1,24.1
1334,20230924,22,7,1,29.3,32.9,0.2,12.2,1,24.1
1335,20230924,23,7,1,29.4,33.2,0.0,10.2,1,24.1
1336,20230925,0,1,0,29.6,33.5,0.0,8.2,1,24.1
1337,20230925,1,1,0,29.8,33.8,0.1,6.1,1,24.1
1338,20230925,2,1,0,29.0,32.7,0.0,7.4,1,24.1
1339,20230925,3,1,0,28.2,31.6,0.0,8.8,1,24.1
1340,20230925,4,1,0,27.5,30.5,0.8,10.1,1,24.1
1341,20230925,5,1,0,27.1,29.9,0.0,9.7,1,24.1
1342,20230925,6,1,0,26.8,29.3,0.0,9.4,1,24.1
1343,20230925,7,1,0,26.5,26.5,0.4,9.0,1,24.1
1344,20230925,8,1,0,26.3,26.3,0.0,8.6,1,24.1
1345,20230925,9,1,0,26.1,26.1,0.0,8.3,1,24.1
1346,20230925,10,1,0,26.0,26.0,0.0,7.9,1,24.1
1347,20230925,11,1,0,25.9,25.9,0.0,7.7,1,24.1
1348,20230925,12,1,0,25.8,25.8,0.0,7.4,1,24.1
1349,20230925,13,1,0,25.7,25.7,0.1,7.2,1,24.1
1350,20230925,14,1,0,26.1,26.1,0.0,6.8,1,24.1
1351,20230925,15,1,0,26.5,26.5,0.0,6.5,1,24.1
1352,20230925,16,1,0,27.0,29.3,0.0,6.1,1,24.1
1353,20230925,17,1,0,28.1,30.9,0.0,5.0,1,24.1
1354,20230925,18,1,0,29.3,32.3,0.0,4.0,1,24.1
1355,20230925,19,1,0,30.5,33.6,0.0,2.9,1,24.1
1356,20230925,20,1,0,30.7,33.8,0.0,5.8,1,24.1
1357,20230925,21,1,0,30.9,34.0,0.0,8.6,1,24.1
1358,20230925,22,1,0,31.1,34.2,0.0,11.5,1,24.1
1359,20230925,23,1,0,30.5,33.8,0.0,10.4,1,24.1
1360,20230926,0,2,0,30.0,33.3,0.0,9.4,1,24.1
1361,20230926,1,2,0,29.5,32.9,0.0,8.3,1,24.1
1362,20230926,2,2,0,29.1,32.3,0.0,9.5,1,24.1
1363,20230926,3,2,0,28.7,31.7,0.0,10.7,1,24.1
1364,20230926,4,2,0,28.3,31.2,0.0,11.9,1,24.1
1365,20230926,5,2,0,27.5,30.1,0.0,9.7,1,23.8
1366,20230926,6,2,0,26.8,29.0,0.0,7.6,1,23.6
1367,20230926,7,2,0,26.1,26.1,2.1,5.4,1,23.3
1368,20230926,8,2,0,26.3,26.3,0.0,4.7,1,23.6
1369,20230926,9,2,0,26.5,26.5,0.0,4.0,1,23.8
1370,20230926,10,2,0,26.7,26.7,0.6,3.2,1,24.1
1371,20230926,11,2,0,26.6,26.6,0.0,3.6,1,23.9
1372,20230926,12,2,0,26.5,26.5,0.0,4.0,1,23.7
1373,20230926,13,2,0,26.5,26.5,0.2,4.3,1,23.5
1374,20230926,14,2,0,26.8,29.2,0.0,5.2,1,22.2
1375,20230926,15,2,0,27.1,29.7,0.0,6.0,1,20.9
1376,20230926,16,2,0,27.4,30.2,0.2,6.8,1,19.6
1377,20230926,17,2,0,28.4,31.7,0.0,6.5,1,21.1
1378,20230926,18,2,0,29.4,32.9,0.0,6.1,1,22.6
1379,20230926,19,2,0,30.5,34.1,0.9,5.8,1,24.1
1380,20230926,20,2,0,30.3,33.7,0.0,7.1,1,24.1
1381,20230926,21,2,0,30.1,33.3,0.0,8.4,1,24.1
1382,20230926,22,2,0,29.9,33.0,0.2,9.7,1,24.1
1383,20230926,23,2,0,29.4,32.5,0.0,9.5,1,24.1
1384,20230927,0,3,0,28.9,31.9,0.0,9.2,1,24.1
1385,20230927,1,3,0,28.5,31.4,0.0,9.0,1,24.1
1386,20230927,2,3,0,28.3,31.1,0.0,8.8,1,24.1
1387,20230927,3,3,0,28.1,30.9,0.0,8.5,1,24.1
1388,20230927,4,3,0,27.9,30.6,0.0,8.3,1,24.1
1389,20230927,5,3,0,27.8,30.5,0.0,7.2,1,24.1
1390,20230927,6,3,0,27.7,30.4,0.0,6.1,1,24.1
1391,20230927,7,3,0,27.7,30.2,0.0,5.0,1,24.1
1392,20230927,8,3,0,27.4,29.9,0.0,5.2,1,24.1
1393,20230927,9,3,0,27.2,29.6,0.0,5.3,1,24.1
1394,20230927,10,3,0,27.0,29.2,0.0,5.4,1,24.1
1395,20230927,11,3,0,26.9,29.1,0.0,4.9,1,23.6
1396,20230927,12,3,0,26.8,29.0,0.0,4.4,1,23.0
1397,20230927,13,3,0,26.8,28.9,0.3,4.0,1,22.5
1398,20230927,14,3,0,27.2,29.6,0.0,7.2,1,23.0
1399,20230927,15,3,0,27.6,30.2,0.0,10.4,1,23.6
1400,20230927,16,3,0,28.1,30.7,0.3,13.7,1,24.1
1401,20230927,17,3,0,28.8,31.7,0.0,16.0,1,24.1
1402,20230927,18,3,0,29.5,32.6,0.0,18.2,1,24.1
1403,20230927,19,3,0,30.3,33.5,0.5,20.5,1,24.1
1404,20230927,20,3,0,30.7,33.9,0.0,18.8,1,24.1
1405,20230927,21,3,0,31.2,34.3,0.0,17.2,1,24.1
1406,20230927,22,3,0,31.7,34.7,0.9,15.5,1,24.1
1407,20230927,23,3,0,31.2,34.2,0.0,16.0,1,23.5
1408,20230928,0,4,0,30.7,33.7,0.0,16.4,1,22.8
1409,20230928,1,4,0,30.2,33.1,0.7,16.9,1,22.2
1410,20230928,2,4,0,29.3,32.1,0.0,17.8,1,22.8
1411,20230928,3,4,0,28.5,31.1,0.0,18.6,1,23.5
1412,20230928,4,4,0,27.7,30.0,0.8,19.4,1,24.1
1413,20230928,5,4,0,27.1,29.1,0.0,19.2,1,24.1
1414,20230928,6,4,0,26.6,26.6,0.0,19.0,1,24.1
1415,20230928,7,4,0,26.1,26.1,0.0,18.7,1,24.1
1416,20230928,8,4,0,25.6,25.6,0.0,19.0,1,24.1
1417,20230928,9,4,0,25.2,25.2,0.0,19.2,1,24.1
1418,20230928,10,4,0,24.8,24.8,0.0,19.4,1,24.1
1419,20230928,11,4,0,24.4,24.4,0.0,19.7,1,24.1
1420,20230928,12,4,0,24.2,24.2,0.0,19.9,1,24.1
1421,20230928,13,4,0,23.9,23.9,0.0,20.2,1,24.1
1422,20230928,14,4,0,24.0,24.0,0.0,21.6,1,24.1
1423,20230928,15,4,0,24.2,24.2,0.0,23.0,1,24.1
1424,20230928,16,4,0,24.4,24.4,0.0,24.5,1,24.1
1425,20230928,17,4,0,25.5,25.5,0.0,23.4,1,24.1
1426,20230928,18,4,0,26.7,27.8,0.0,22.3,1,24.1
1427,20230928,19,4,0,27.9,29.1,0.0,21.2,1,24.1
1428,20230928,20,4,0,28.6,30.0,0.0,20.9,1,24.1
1429,20230928,21,4,0,29.4,30.8,0.0,20.5,1,24.1
1430,20230928,22,4,0,30.2,31.7,0.0,20.2,1,24.1
1431,20230928,23,4,0,29.9,31.3,0.0,21.2,1,24.1
1432,20230929,0,5,1,29.6,31.0,0.0,22.3,1,24.1
1433,20230929,1,5,1,29.3,30.6,0.0,23.4,1,24.1
1434,20230929,2,5,1,28.4,29.6,0.0,22.9,1,24.1
1435,20230929,3,5,1,27.4,28.6,0.0,22.4,1,24.1
1436,20230929,4,5,1,26.6,26.6,0.0,22.0,1,24.1
1437,20230929,5,5,1,25.9,25.9,0.0,22.2,1,24.1
1438,20230929,6,5,1,25.4,25.4,0.0,22.4,1,24.1
1439,20230929,7,5,1,24.8,24.8,0.0,22.7,1,24.1
1440,20230929,8,5,1,24.6,24.6,0.0,22.0,1,24.1
1441,20230929,9,5,1,24.4,24.4,0.0,21.2,1,24.1
1442,20230929,10,5,1,24.3,24.3,0.0,20.5,1,24.1
1443,20230929,11,5,1,24.0,24.0,0.0,20.0,1,24.1
1444,20230929,12,5,1,23.8,23.8,0.0,19.6,1,24.1
1445,20230929,13,5,1,23.6,23.6,0.0,19.1,1,24.1
1446,20230929,14,5,1,23.5,23.5,0.0,19.6,1,24.1
1447,20230929,15,5,1,23.5,23.5,0.0,20.0,1,24.1
1448,20230929,16,5,1,23.5,23.5,0.0,20.5,1,24.1
1449,20230929,17,5,1,24.1,24.1,0.0,20.4,1,24.1
1450,20230929,18,5,1,24.8,24.8,0.0,20.3,1,24.1
1451,20230929,19,5,1,25.5,25.5,0.0,20.2,1,24.1
1452,20230929,20,5,1,26.6,26.6,0.0,19.6,1,24.1
1453,20230929,21,5,1,27.7,28.8,0.0,19.0,1,24.1
1454,20230929,22,5,1,28.9,30.2,0.0,18.4,1,24.1
1455,20230929,23,5,1,28.9,30.2,0.0,16.6,1,24.1
1456,20230930,0,6,1,28.9,30.3,0.0,14.8,1,24.1
1457,20230930,1,6,1,29.0,30.4,0.0,13.0,1,24.1
1458,20230930,2,6,1,28.0,29.3,0.0,14.3,1,24.1
1459,20230930,3,6,1,27.0,28.1,0.0,15.6,1,24.1
1460,20230930,4,6,1,26.0,26.0,0.0,16.9,1,24.1
1461,20230930,5,6,1,25.7,25.7,0.0,16.4,1,24.1
1462,20230930,6,6,1,25.4,25.4,0.0,16.0,1,24.1
1463,20230930,7,6,1,25.2,25.2,0.0,15.5,1,24.1
